Melody Name,Length,Bytes String
star_trek_intro,26,b'\x00P\x01&8\x01\x88P\x02\x0b<\x01\xeeH\x01\x880\x01J0\x01\xb80\x02KB'
silent_night,143,b'\x00\x8c\x01\x88<\x01\xb8H\x01\x88D\x01J>\x01\x88<\x01\xb8H\x01\x88D\x01J>\x02KB\x02KD\x01\xee>\x02\x0bB\x02\x0bD\x01\x88>\x01\xb8B\x01\xb8D\x02\x0b<\x01\xeeH\x01\xb8D\x01\x88<\x01\xb8H\x01\x88D\x01J>\x01\xb8B\x01\xb8D\x02\x0b<\x01\xeeH\x01\xb8D\x01\x88<\x01\xb8H\x01\x88D\x01J>\x02KB\x02KD\x02\xba<\x02KH\x01\xeeD\x02\x0b>\x02\x93>\x02\x0bD\x01\x88D\x01JD\x01\x88<\x01]H\x01&D\x01\x06>\x01\x06?'
pacman,95,"b""\x00i\x01\xeeP\x03\xdcP\x02\xe4P\x02nP\x03\xdc`\x02\xe40\x02nH\x02\x0bP\x04\x17P\x06 P\x05'P\x04\x17`\x06 0\x05'H\x01\xeeP\x03\xdcP\x02\xe4P\x02nP\x03\xdc`\x02\xe40\x02nH\x02n`\x02\x93`\x02\xba`\x02\xba`\x02\xe4`\x03\x10`\x03\x10`\x03?`\x03pP\x03\xdcH"""
ode_an_die_freude,188,b'\x00r\x01JD\x01JD\x01]D\x01\x88D\x01\x88D\x01]D\x01JD\x01&D\x01\x06D\x01\x06D\x01&D\x01JD\x01J<\x01&H\x01&B\x01JD\x01JD\x01]D\x01\x88D\x01\x88D\x01]D\x01JD\x01&D\x01\x06D\x01\x06D\x01&D\x01JD\x01&<\x01\x06H\x01\x06B\x01&D\x01&D\x01JD\x01\x06D\x01&D\x01JH\x01]H\x01JD\x01\x06D\x01&D\x01JH\x01]H\x01JD\x01&D\x01\x06D\x01&D\x00\xc4B\x01JD\x01JD\x01]D\x01\x88D\x01\x88D\x01]D\x01JD\x01&D\x01\x06D\x01\x06D\x01&D\x01JD\x01&<\x01\x06H\x01\x06B'
star_wars_theme,266,b'\x00l\x01\xd2H\x01\xd2H\x01\xd2H\x02\xbaB\x04\x17B\x03\xa4H\x03pH\x03\x10H\x05uB\x04\x17D\x03\xa4H\x03pH\x03\x10H\x05uB\x04\x17D\x03\xa4H\x03pH\x03\xa4H\x03\x10B\x02\x0bH\x02\x0bH\x02\x0bH\x02\xbaB\x04\x17B\x03\xa4H\x03pH\x03\x10H\x05uB\x04\x17D\x03\xa4H\x03pH\x03\x10H\x05uB\x04\x17D\x03\xa4H\x03pH\x03\xa4H\x03\x10B\x02\x0b8\x02\x0bP\x02K<\x02KH\x03\xa4H\x03pH\x03\x10H\x02\xbaH\x02\xbaH\x03\x10H\x03pH\x03\x10D\x02KH\x02\x93D\x02\x0b8\x02\x0bP\x02K<\x02KH\x03\xa4H\x03pH\x03\x10H\x02\xbaH\x04\x178\x03\x10P\x03\x10B\x00\x00H\x02\x0bH\x02K<\x02KH\x03\xa4H\x03pH\x03\x10H\x02\xbaH\x02\xbaH\x03\x10H\x03pH\x03\x10D\x02KH\x02\x93D\x04\x178\x04\x17P\x05uD\x04\xddH\x04UD\x04\x17H\x03\xa4D\x03?H\x03\x10D\x02\xbaH\x04\x17A'
wiegenlied_brahms_lullaby,164,b'\x00L\x01\x88D\x01\x88D\x01\xd2<\x01\x88H\x01\x88D\x01\xd2D\x00\x00D\x01\x88H\x01\xd2H\x02nD\x02K<\x02\x0bH\x02\x0bD\x01\xd2D\x01]H\x01\x88H\x01\x9fD\x01]D\x01]H\x01\x88H\x01\x9fD\x00\x00D\x01]H\x01\x9fH\x02KH\x02\x0bH\x01\xd2D\x02KD\x02nD\x00\x00D\x017H\x017H\x02nB\x02\x0bH\x01\x9fH\x01\xd2B\x01\x88H\x017H\x01\x9fD\x01\xd2D\x02\x0bD\x01\xd2B\x017H\x017H\x02nB\x02\x0bH\x01\x9fH\x01\xd2B\x01\x88H\x017H\x01\xd2D\x01\x88D\x017D\x017B'
theme_a_from_tetris_korobeiniki,299,b'\x00\x90\x02\x93D\x01\xeeH\x02\x0bH\x02KD\x02\x0bH\x01\xeeH\x01\xb8D\x01\xb8H\x02\x0bH\x02\x93D\x02KH\x02\x0bH\x01\xee<\x02\x0bH\x02KD\x02\x93D\x02\x0bD\x01\xb8D\x01\xb8H\x01\xb8D\x01\xeeH\x02\x0bH\x02K<\x02\xbaH\x03pD\x03\x10H\x02\xbaH\x02\x93<\x02\x0bH\x02\x93D\x02KH\x02\x0bH\x01\xeeD\x01\xeeH\x02\x0bH\x02KD\x02\x93D\x02\x0bD\x01\xb8D\x01\xb8D\x00\x00D\x02\x93D\x01\xeeH\x02\x0bH\x02KD\x02\x0bH\x01\xeeH\x01\xb8D\x01\xb8H\x02\x0bH\x02\x93D\x02KH\x02\x0bH\x01\xee<\x02\x0bH\x02KD\x02\x93D\x02\x0bD\x01\xb8D\x01\xb8H\x01\xb8D\x01\xeeH\x02\x0bH\x02K<\x02\xbaH\x03pD\x03\x10H\x02\xbaH\x02\x93<\x02\x0bH\x02\x93D\x02KH\x02\x0bH\x01\xeeD\x01\xeeH\x02\x0bH\x02KD\x02\x93D\x02\x0bD\x01\xb8D\x01\xb8D\x00\x00D\x02\x93B\x02\x0bB\x02KB\x01\xeeB\x02\x0bB\x01\xb8B\x01\x9fB\x01\xeeD\x00\x00H\x02\x93B\x02\x0bB\x02KB\x01\xeeB\x02\x0bD\x02\x93D\x03pB\x03?B'
happy_birthday,77,b'\x00\x8c\x01\x06D\x01\x06H\x01&<\x01\x06<\x01]<\x01J>\x01\x06D\x01\x06H\x01&<\x01\x06<\x01\x88<\x01]>\x01\x06D\x01\x06H\x02\x0b<\x01\xb8<\x01]<\x01J<\x01&<\x01\xd2D\x01\xd2H\x01\xb8<\x01]<\x01\x88<\x01]>'
dart_vader_theme,260,b'\x00x\x01\xb8<\x01\xb8<\x01\xb8P\x01\xb8P\x01\xb8P\x01\xb8P\x01]H\x00\x00H\x01\xb8<\x01\xb8<\x01\xb8P\x01\xb8P\x01\xb8P\x01\xb8P\x01]H\x00\x00H\x01\xb8D\x01\xb8D\x01\xb8D\x01]8\x02\x0bP\x01\xb8D\x01]8\x02\x0bP\x01\xb8B\x02\x93D\x02\x93D\x02\x93D\x02\xba8\x02\x0bP\x01\xb8D\x01]8\x02\x0bP\x01\xb8B\x03pD\x01\xb88\x01\xb8P\x03pD\x03?8\x03\x10P\x02nP\x02KP\x02nH\x00\x00H\x01\xb8H\x02nD\x02K8\x02*P\x02\x0bP\x01\xeeP\x02\x0bP\x00\x00H\x01]H\x01\x9fD\x01]8\x01\xb80\x02\x0bD\x01\xb88\x02\x0bP\x02\x93B\x03pD\x01\xb88\x01\xb8P\x03pD\x03?8\x03\x10P\x02nP\x02KP\x02nH\x00\x00H\x01\xb8H\x02nD\x02K8\x02*P\x02\x0bP\x01\xeeP\x02\x0bP\x00\x00H\x01]H\x01\x9fD\x01]8\x01\xb80\x01\xb8D\x01]8\x02\x0bP\x01\xb8B'
nokia_ringtone,41,b'\x00\xb4\x02\x93H\x02KH\x01rD\x01\x9fD\x02*H\x01\xeeH\x01&D\x01JD\x01\xeeH\x01\xb8H\x01\x15D\x01JD\x01\xb8B'
mii_channel_theme,860,b'\x00r\x01rH\x00\x00H\x01\xb8H\x02*H\x00\x00H\x01\xb8H\x00\x00H\x01rH\x01&H\x01&H\x01&H\x00\x00H\x00\x00D\x00\x00H\x01\x15H\x01&H\x01rH\x01\xb8H\x02*H\x00\x00H\x01\xb8H\x00\x00H\x01]H\x02\x93<\x02nH\x02KH\x00\x00H\x00\x00D\x01\x9fH\x00\x00H\x02*H\x01rH\x00\x00H\x02*H\x00\x00H\x01\x9fH\x00\x00H\x02*H\x01\x88H\x01rH\x00\x00H\x01JH\x00\x00H\x01JH\x01JH\x01JH\x00\x00H\x00\x00D\x01JH\x01JH\x01JH\x00\x00H\x00\x00D\x017H\x01&H\x01\x15H\x00\x00H\x01\xb8H\x02*H\x00\x00H\x01\xb8H\x00\x00H\x01rH\x01&H\x01&H\x01&H\x00\x00H\x02\x93H\x02\x93H\x02\x93H\x00\x00H\x00\x00H\x01rH\x01\xb8H\x02*H\x00\x00H\x01\xb8H\x00\x00H\x01]H\x02\x93B\x02KH\x00\x00H\x00\x00D\x01\xeeH\x01\x88H\x01&H\x01\x15D\x01\xeeH\x01\x88H\x01\x15H\x01\xb8H\x01rH\x01\x06H\x00\xf7D\x01]H\x01&H\x00\xf7H\x01JH\x01JH\x01JH\x00\x00D\x00\x00D\x01\xd2D\x02*H\x02KH\x02\xe4H\x03pH\x00\x00H\x00\x00D\x00\x00B\x00\xdcD\x00\xe9D\x00\xdc<\x00\xdcH\x00\xdcB\x00\x00D\x00\xdcH\x00\xe9H\x00\xdcH\x01]D\x01\x06H\x00\xdc<\x00\xdcH\x00\xdcB\x00\x00B\x00\xf7D\x01\x06D\x01\x15<\x01\x06H\x01\x15B\x00\x00D\x01\x15H\x01\x06H\x01\x15H\x01\x9fD\x017H\x01\x15<\x017H\x00\xf7A\x01JD\x01JD\x01JD\x00\x00H\x01rH\x00\x00H\x01\xb8H\x02*H\x00\x00H\x01\xb8H\x00\x00H\x01rH\x01&H\x01&H\x01&H\x00\x00H\x00\x00D\x00\x00H\x01\x15H\x01&H\x01rH\x01\xb8H\x02*H\x00\x00H\x01\xb8H\x00\x00H\x01]H\x02\x93<\x02nH\x02KH\x00\x00H\x00\x00D\x01\x9fH\x00\x00H\x02*H\x01rH\x00\x00H\x02*H\x00\x00H\x01\x9fH\x00\x00H\x02*H\x01\x88H\x01rH\x00\x00H\x01JH\x00\x00H\x01JH\x01JH\x01JH\x00\x00H\x00\x00D\x01JH\x01JH\x01JH\x00\x00H\x00\x00D\x017H\x01&H\x01\x15H\x00\x00H\x01\xb8H\x02*H\x00\x00H\x01\xb8H\x00\x00H\x01rH\x01&H\x01&H\x01&H\x00\x00H\x02\x93H\x02\x93H\x02\x93H\x00\x00H\x00\x00H\x01rH\x01\xb8H\x02*H\x00\x00H\x01\xb8H\x00\x00H\x01]H\x02\x93B\x02KH\x00\x00H\x00\x00D\x01\xeeH\x01\x88H\x01&H\x01\x15D\x01\xeeH\x01\x88H\x01\x15H\x01\xb8H\x01rH\x01\x06H\x00\xf7D\x01]H\x01&H\x00\xf7H\x01JH\x01JH\x01JH\x00\x00D\x00\x00D\x01\xd2D\x02*H\x02KH\x02\xe4H\x03pH\x00\x00H\x00\x00D\x00\x00B\x00\xdcD\x00\xe9D\x00\xdc<\x00\xdcH\x00\xdcB\x00\x00D\x00\xdcH\x00\xe9H\x00\xdcH\x01]D\x01\x06H\x00\xdc<\x00\xdcH\x00\xdcB\x00\x00B\x00\xf7D\x01\x06D\x01\x15<\x01\x06H\x01\x15B\x00\x00D\x01\x15H\x01\x06H\x01\x15H\x01\x9fD\x017H\x01\x15<\x017H\x00\xf7A\x01JD\x01JD\x01JD\x00\x00H'
minuet_in_g_petzold,572,b'\x00\x8c\x02KD\x01\x88H\x01\xb8H\x01\xeeH\x02\x0bH\x02KD\x01\x88D\x01\x88D\x02\x93D\x02\x0bH\x02KH\x02\x93H\x02\xe4H\x03\x10D\x01\x88D\x01\x88D\x02\x0bD\x02KH\x02\x0bH\x01\xeeH\x01\xb8H\x01\xeeD\x02\x0bH\x01\xeeH\x01\xb8H\x01\x88H\x01rD\x01\x88H\x01\xb8H\x01\xeeH\x01\x88H\x01\xb8>\x02KD\x01\x88H\x01\xb8H\x01\xeeH\x02\x0bH\x02KD\x01\x88D\x01\x88D\x02\x93D\x02\x0bH\x02KH\x02\x93H\x02\xe4H\x03\x10D\x01\x88D\x01\x88D\x02\x0bD\x02KH\x02\x0bH\x01\xeeH\x01\xb8H\x01\xeeD\x02\x0bH\x01\xeeH\x01\xb8H\x01\x88H\x01\xb8D\x01\xeeH\x01\xb8H\x01\x88H\x01rH\x01\x88>\x02KD\x01\x88H\x01\xb8H\x01\xeeH\x02\x0bH\x02KD\x01\x88D\x01\x88D\x02\x93D\x02\x0bH\x02KH\x02\x93H\x02\xe4H\x03\x10D\x01\x88D\x01\x88D\x02\x0bD\x02KH\x02\x0bH\x01\xeeH\x01\xb8H\x01\xeeD\x02\x0bH\x01\xeeH\x01\xb8H\x01\x88H\x01rD\x01\x88H\x01\xb8H\x01\xeeH\x01\x88H\x01\xb8>\x02KD\x01\x88H\x01\xb8H\x01\xeeH\x02\x0bH\x02KD\x01\x88D\x01\x88D\x02\x93D\x02\x0bH\x02KH\x02\x93H\x02\xe4H\x03\x10D\x01\x88D\x01\x88D\x02\x0bD\x02KH\x02\x0bH\x01\xeeH\x01\xb8H\x01\xeeD\x02\x0bH\x01\xeeH\x01\xb8H\x01\x88H\x01\xb8D\x01\xeeH\x01\xb8H\x01\x88H\x01rH\x01\x88>\x03\xdcD\x03\x10H\x03pH\x03\xdcH\x03\x10H\x03pD\x02KH\x02\x93H\x02\xe4H\x02KH\x03\x10D\x02\x93H\x02\xe4H\x03\x10H\x02KH\x02*D\x01\xeeH\x02*H\x01\xb8D\x01\xb8H\x01\xeeH\x02*H\x02KH\x02\x93H\x02\xe4H\x03\x10D\x02\xe4D\x02\x93D\x02\xe4D\x01\xb8D\x02*D\x02K>\x02KD\x01\x88H\x02\xe4H\x01\x88D\x02\x93D\x01\x88H\x01rH\x01\x88D\x02KD\x02\x0bD\x01\xeeD\x01\xb8H\x01\x88H\x01rH\x01\x88H\x01\xb8D\x01&H\x01JH\x01rH\x01\x88H\x01\xb8H\x01\xeeH\x02\x0bD\x01\xeeD\x01\xb8D\x01\xeeH\x02KH\x01\x88D\x01rD\x01\x88>'
badinerie_johann_sebastian_bach,725,b'\x00x\x03\xdc8\x04\x97P\x03\xdcP\x02\xe48\x03\xdcP\x02\xe4P\x02K8\x02\xe4P\x02KP\x01\xeeD\x01]P\x01\xeeP\x02KP\x01\xeeP\x02*P\x01\xeeP\x02*P\x01\xeeP\x01\xd2P\x02*P\x02\x93P\x02*P\x02KH\x01\xeeH\x03\xdc8\x04\x97P\x03\xdcP\x02\xe48\x03\xdcP\x02\xe4P\x02K8\x02\xe4P\x02KP\x01\xeeD\x02KP\x02*0\x02K8\x02KP\x02*0\x02K8\x03\xdc8\x02K8\x02KH\x02*8\x02\xe40\x02\xbaP\x02\xe48\x02\xe40\x02\xbaP\x02\xe48\x04\x978\x02\xe48\x02\xe4H\x02\xbaH\x02*P\x02\xe4P\x03pP\x02\xe4P\x03?P\x02\xe4P\x03?P\x02\xe4P\x02\xbaP\x03\x10P\x03\xdcP\x03\x10P\x03pP\x03?P\x03pP\x03\x10P\x02\xbaP\x03pP\x02\xe4P\x02\xbaP\x02\xe4P\x03\xdcP\x02\xe4P\x02\xbaP\x02\xe4P\x04\x17P\x02\xe4P\x02\x93P\x02\xe4P\x04\x97P\x02\xe4P\x02\xbaP\x02\xe4P\x04\x97P\x04\x17P\x03\xdcP\x04\x17P\x03pP\x03?P\x02\xe4P\x03pH\x03\x10H\x02\xe4D\x00\x00D\x02\xe48\x03pP\x02\xe4P\x02*<\x02\xe4P\x02*P\x01\xb88\x02*P\x01\xb8P\x01]D\x02\x0bH\x01\xeeH\x02\x93H\x02nP\x02\xe4P\x03pH\x03?P\x02\xe4P\x03?H\x02KH\x03?8\x03\xdcP\x03?H\x02\x938\x03?P\x02\x93P\x02*8\x02\x93P\x02*P\x01\xb8D\x01\xb8P\x02KP\x02\xe4P\x02KP\x02\x93P\x02KP\x02\x93P\x02KP\x02*P\x02\x93P\x03\x10P\x02\x93P\x02\xe4P\x02\x93P\x02\xe4P\x02\x93P\x02KP\x02\xe4P\x02KP\x02*P\x02KP\x03\x10P\x02KP\x02*P\x02KP\x03pP\x02KP\x02*P\x02KP\x03\xdcP\x02KP\x02*P\x02KP\x03\xdcP\x03pP\x03\x10P\x03pP\x02\xe4P\x02\x93P\x02KP\x02\xe4H\x02\x93P\x02KD\x02\xe4P\x02\x93P\x02\xe48\x02\xe4P\x02\x93P\x02\xe48\x04\x978\x02\xe48\x02\xe4H\x02\x93H\x02\x93P\x02KP\x02\x938\x02\x93P\x02KP\x02\x938\x04\x978\x02\x938\x02\x93H\x02KH\x03\xdc8\x04\x97P\x03\xdcP\x03\xdcH\x03\x10D\x03\x10D\x03\xdc`\x03p`\x03\x10`\x02\xe4`\x02\x93D\x02\x93H\x03\x10`\x02\xe4`\x02\x93`\x02K`\x02\x0bP\x02\x93P\x03\x10P\x02\x93P\x02*P\x01\xeeP\x02*P\x01\xb8P\x01\xd28\x01\xb88\x01\x88H\x01]H\x01\xb8H\x01\xd2P\x02*P\x02\x93H\x02KP\x02*P\x02KH\x01\xee`\x02*`\x02K`\x02\x93`\x02\xe4H\x02KP\x02\xe4P\x03\xdcH\x02\xe4H\x02\x93P\x02KP\x02*P\x02KP\x02*H\x01\xeeD'
f_r_elise_ludwig_van_beethoven,1811,"b""\x00P\x02\x93P\x02nP\x02\x93P\x02nP\x02\x93P\x01\xeeP\x02KP\x02\x0bP\x01\xb88\x01\x06P\x01JP\x01\xb8P\x01\xee8\x01JP\x01\x9fP\x01\xeeP\x02\x0bH\x00\x00P\x01JP\x02\x93P\x02nP\x02\x93P\x02nP\x02\x93P\x01\xeeP\x02KP\x02\x0bP\x01\xb88\x01\x06P\x01JP\x01\xb8P\x01\xee8\x01JP\x02\x0bP\x01\xeeP\x01\xb8D\x00\x00H\x02\x93P\x02nP\x02\x93P\x02nP\x02\x93P\x01\xeeP\x02KP\x02\x0bP\x01\xb88\x01\x06P\x01JP\x01\xb8P\x01\xee8\x01JP\x01\x9fP\x01\xeeP\x02\x0bH\x00\x00P\x01JP\x02\x93P\x02nP\x02\x93P\x02nP\x02\x93P\x01\xeeP\x02KP\x02\x0bP\x01\xb88\x01\x06P\x01JP\x01\xb8P\x01\xee8\x01JP\x02\x0bP\x01\xeeP\x01\xb8H\x00\x00P\x01\xeeP\x02\x0bP\x02KP\x02\x938\x01\x88P\x02\xbaP\x02\x93P\x02K8\x01]P\x02\x93P\x02KP\x02\x0b8\x01JP\x02KP\x02\x0bP\x01\xeeH\x00\x00P\x01JP\x02\x93P\x00\x00P\x00\x00P\x02\x93P\x05'P\x00\x00P\x00\x00P\x02nP\x02\x93P\x00\x00P\x00\x00P\x02nP\x02\x93P\x02nP\x02\x93P\x02nP\x02\x93P\x01\xeeP\x02KP\x02\x0bP\x01\xb8H\x00\x00P\x01\x06P\x01JP\x01\xb8P\x01\xeeH\x00\x00P\x01JP\x01\x9fP\x01\xeeP\x02\x0bH\x00\x00P\x01JP\x02\x93P\x02nP\x02\x93P\x02nP\x02\x93P\x01\xeeP\x02KP\x02\x0bP\x01\xb8H\x00\x00P\x01\x06P\x01JP\x01\xb8P\x01\xeeH\x00\x00P\x01JP\x02\x0bP\x01\xeeP\x01\xb8H\x00\x00P\x01\xeeP\x02\x0bP\x02KP\x02\x938\x01\x88P\x02\xbaP\x02\x93P\x02K8\x01]P\x02\x93P\x02KP\x02\x0b8\x01JP\x02KP\x02\x0bP\x01\xeeH\x00\x00P\x01JP\x02\x93P\x00\x00P\x00\x00P\x02\x93P\x05'P\x00\x00P\x00\x00P\x02nP\x02\x93P\x00\x00P\x00\x00P\x02nP\x02\x93P\x02nP\x02\x93P\x02nP\x02\x93P\x01\xeeP\x02KP\x02\x0bP\x01\xb8H\x00\x00P\x01\x06P\x01JP\x01\xb8P\x01\xeeH\x00\x00P\x01JP\x01\x9fP\x01\xeeP\x02\x0bH\x00\x00P\x01JP\x02\x93P\x02nP\x02\x93P\x02nP\x02\x93P\x01\xeeP\x02KP\x02\x0bP\x01\xb8H\x00\x00P\x01\x06P\x01JP\x01\xb8P\x01\xeeH\x00\x00P\x01JP\x02\x0bP\x01\xeeP\x01\xb8H\x00\x00P\x02\x0bP\x02\x0bP\x02\x0bP\x02\x0bD\x02\xba0\x02\x93`\x02\x93H\x02KH\x03\xa40\x03p`\x03pP\x03\x10P\x02\xbaP\x02\x93P\x02KP\x02\x0bP\x01\xd2H\x01\xb8H\x01\xb8`\x01\x88`\x01\xb8`\x01\xee`\x02\x0bD\x02KP\x02nP\x02\x938\x02\x93P\x02\xbaP\x01\xb8P\x02\x0bD\x02K0\x01\xee`\x02\x0b`\x03\x10`\x01\x88`\x03\x10`\x01\xb8`\x03\x10`\x01\xee`\x03\x10`\x02\x0b`\x03\x10`\x02K`\x03\x10`\x02\x93`\x03\x10`\x04\x17`\x03\xdc`\x03p`\x03\x10`\x02\xba`\x02\x93`\x02K`\x03\x10`\x02\xba`\x02K`\x02\x0b`\x03\x10`\x01\x88`\x03\x10`\x01\xb8`\x03\x10`\x01\xee`\x03\x10`\x02\x0b`\x03\x10`\x02K`\x03\x10`\x02\x93`\x03\x10`\x04\x17`\x03\xdc`\x03p`\x03\x10`\x02\xba`\x02\x93`\x02K`\x03\x10`\x02\xba`\x02K`\x02\x93`\x02\xba`\x02\x93`\x02n`\x02\x93`\x01\xee`\x02\x93`\x02n`\x02\x93`\x01\xee`\x02\x93`\x02n`\x02\x938\x01\xeeP\x02\x93P\x02nP\x02\x938\x01\xeeP\x02\x93P\x00\x00P\x00\x00P\x02nP\x02\x93P\x00\x00P\x00\x00P\x02nP\x02\x93P\x02nP\x02\x93P\x01\xeeP\x02KP\x02\x0bP\x01\xb8H\x00\x00P\x01\x06P\x01JP\x01\xb8P\x01\xeeH\x00\x00P\x01JP\x01\x9fP\x01\xeeP\x02\x0bH\x00\x00P\x01JP\x02\x93P\x02nP\x02\x93P\x02nP\x02\x93P\x01\xeeP\x02KP\x02\x0bP\x01\xb8H\x00\x00P\x01\x06P\x01JP\x01\xb8P\x01\xeeH\x00\x00P\x01JP\x02\x0bP\x01\xeeP\x01\xb8H\x00\x00P\x01\xeeP\x02\x0bP\x02KP\x02\x938\x01\x88P\x02\xbaP\x02\x93P\x02K8\x01]P\x02\x93P\x02KP\x02\x0b8\x01JP\x02KP\x02\x0bP\x01\xeeH\x00\x00P\x01JP\x02\x93P\x00\x00P\x00\x00P\x02\x93P\x05'P\x00\x00P\x00\x00P\x02nP\x02\x93P\x00\x00P\x00\x00P\x02nP\x02\x93P\x02KP\x02\x93P\x02nP\x02\x93P\x01\xeeP\x02KP\x02\x0bP\x01\xb8H\x00\x00P\x01\x06P\x01JP\x01\xb8P\x01\xeeH\x00\x00P\x01JP\x01\x9fP\x01\xeeP\x02\x0bH\x00\x00P\x01JP\x02\x93P\x02nP\x02\x93P\x02nP\x02\x93P\x01\xeeP\x02KP\x02\x0bP\x01\xb8H\x00\x00P\x01\x06P\x01JP\x01\xb8P\x01\xeeH\x00\x00P\x01JP\x02\x0bP\x01\xeeP\x01\xb8H\x00\x00P\x00\x00P\x00\x00H\x02*<\x02KD\x02\x93P\x02\xbaP\x02\xbaD\x02\xbaH\x02\x93<\x02KD\x02\x0bP\x01\xeeP\x01\xb8D\x01\xb8H\x01\xb8H\x02\x0bH\x01\xeeH\x01\xb8<\x02*<\x02KD\x02\x93P\x02\xbaP\x02\xbaD\x02\xbaH\x02\xba<\x02nD\x02KP\x02\x0bP\x01\xd2D\x01\xb8H\x01\x9fD\x01\x88H\x01\xb8<\x01\xeeD\x00\x00H\x00\xdc \x01\x06 \x01J \x01\xb8 \x02\x0b \x02\x93 \x02K \x02\x0b \x01\xee \x01\xb8 \x02\x0b \x02\x93 \x03p \x04\x17 \x05' \x04\x97 \x04\x17 \x03\xdc \x01\xb8 \x02\x0b \x02\x93 \x03p \x04\x17 \x05' \x04\x97 \x04\x17 \x03\xdc \x03\xa4 \x03p \x03? \x03\x10 \x02\xe4 \x02\xba \x02\x93 \x02n \x02K \x02* \x02\x0b \x01\xee \x01\xd2 \x01\xb8 \x01\x9f \x01\x88 \x01r \x01] \x01JP\x02nP\x02\x93P\x01\xeeP\x02KP\x02\x0bP\x01\xb88\x01\x06P\x01JP\x01\xb8P\x01\xee8\x01JP\x01\x9fP\x01\xeeP\x02\x0bH\x00\x00P\x01JP\x02\x93P\x02nP\x02\x93P\x02nP\x02\x93P\x01\xeeP\x02KP\x02\x0bP\x01\xb88\x01\x06P\x01JP\x01\xb8P\x01\xee8\x01JP\x02\x0bP\x01\xeeP\x01\xb88\x00\x008\x00\x008\x01\x88P\x02\xbaP\x02\x93P\x02KD\x00\x00H\x00\x008\x01JP\x02KP\x02\x0bP\x01\xee8\x01JP\x02\x93H\x02\x93H\x05'8\x02nP\x02\x93P\x00\x00P\x00\x00P\x02nP\x02\x93P\x02nP\x02\x93P\x02nP\x02\x93P\x01\xeeP\x02KP\x02\x0bP\x01\xb88\x01\x06P\x01JP\x01\xb8P\x01\xee8\x01JP\x01\x9fP\x01\xeeP\x02\x0bH\x00\x00P\x01JP\x02\x93P\x02nP\x02\x93P\x02nP\x02\x93P\x01\xeeP\x02KP\x02\x0bP\x01\xb88\x01\x06P\x01JP\x01\xb8P\x01\xee8\x01JP\x02\x0bP\x01\xeeP\x01\xb8<"""
cantina_band_star_wars,194,b'\x00\x8c\x01\xee<\x02\x93<\x01\xee<\x02\x93<\x01\xeeH\x02\x93<\x01\xeeH\x00\x00H\x01\xd2H\x01\xeeH\x01\xeeH\x01\xd2H\x01\xeeH\x01\xb8H\x00\x00H\x01\x9fH\x01\xb8H\x01\x88H\x01\x88D\x01J>\x01\xee<\x02\x93<\x01\xee<\x02\x93<\x01\xeeH\x02\x93<\x01\xeeH\x00\x00H\x01\xd2H\x01\xeeH\x01\xb8<\x01\xb8<\x01\x9fH\x01\xb8<\x02KH\x02\x0b<\x01\xee<\x01\xb8<\x01\xee<\x02\x93<\x01\xee<\x02\x93<\x01\xeeH\x02\x93<\x01\xeeH\x00\x00H\x01\xd2H\x01\xeeH\x02KD\x02K<\x01\xeeH\x01\xb8<\x01\x88<\x01J>\x01JB\x01\x88B\x01\xeeB\x02KB\x02\xba<\x02\x93<\x01\xd2H\x01\xd2H\x01\xeeD\x01\x88D'
song_of_storms_the_legend_of_zelda_ocarina_of_time,203,b'\x00l\x01&D\x01\xb8D\x01\xb8D\x00\x00H\x01JH\x01\xeeB\x01]D\x02\x0bD\x02\x0bD\x00\x00H\x01JH\x01\xeeB\x01&D\x01\xb8D\x01\xb8D\x00\x00H\x01JH\x01\xeeB\x01]D\x02\x0bD\x02\x0bD\x00\x00H\x01JH\x01\xeeB\x01&H\x01]H\x02KB\x01&H\x01]H\x02KB\x02\x93<\x02\xbaH\x02\x93H\x02\x93H\x02\x93H\x02\x0bH\x01\xb8B\x01\xb8D\x01&D\x01]H\x01\x88H\x01\xb8>\x01\xb8D\x01&D\x01]H\x01\x88H\x01J>\x01&H\x01]H\x02KB\x01&H\x01]H\x02KB\x02\x93<\x02\xbaH\x02\x93H\x02\x93H\x02\x93H\x02\x0bH\x01\xb8B\x01\xb8D\x01&D\x01]H\x01\x88H\x01\xb8B\x01\xb8D\x01&A'
the_lion_sleeps_tonight,905,b'\x00z\x01]D\x01\x88D\x01\xb8H\x01\x88D\x01\xb8H\x01\xd2D\x01\xb8D\x01\x88H\x01]D\x01\x88H\x01\xb8D\x01\x06H\x01\x06D\x01\x06H\x01\x06D\x01\x06A\x01]D\x01\x88D\x01\xb8H\x01\x88D\x01\xb8H\x01\xd2D\x01\xb8D\x01\x88H\x01]D\x01\x88H\x01\xb8D\x01\x06H\x01\x06D\x01\x06H\x01\x06D\x01\x06>\x00\x008\x01\xb8P\x01\xb88\x01\xb8P\x01\xb88\x01\xb8P\x01\xb88\x01\xb8P\x01\xb88\x01\xb8P\x01\xd28\x01\xd2P\x01\xd28\x01\xd2P\x01\xd28\x01\xd2P\x01\xd28\x01\xd2P\x01\xb88\x01\xb8P\x01\xb88\x01\xb8P\x01\xb88\x01\xb8P\x01\xb88\x01\xb8P\x01\x888\x01\x88P\x01\x888\x01\x88P\x01\x888\x01\x88P\x01\x888\x01\x88P\x01\xb88\x01\xb8P\x01\xb88\x01\xb8P\x01\xb88\x01\xb8P\x01\xb88\x01\xb8P\x01\xd28\x01\xd2P\x01\xd28\x01\xd2P\x01\xd28\x01\xd2P\x01\xd28\x01\xd2P\x01\xb88\x01\xb8P\x01\xb88\x01\xb8P\x01\xb88\x01\xb8P\x01\xb88\x01\xb8P\x01\x888\x01\x88P\x01\x888\x01\x88P\x01\x888\x01\x88P\x01\x888\x01\x88P\x01]D\x01\x88D\x01\xb8H\x01\x88D\x01\xb8H\x01\xd2D\x01\xb8D\x01\x88H\x01]D\x01\x88H\x01\xb8D\x01\x88D\x01]D\x01\xb8D\x01\x88A\x02\x0bD\x01\xb8D\x01\x88H\x01\xb8D\x02\x0bH\x01\xd2D\x01\xb8D\x01\x88H\x01]D\x01\x88H\x01\xb8D\x01\x88D\x01]D\x01\xb8D\x01\x88A\x02\x0bA\x02\x0bD\x01\xd2H\x02\x0bH\x01\xd2B\x01\xb8D\x01\x06H\x01\x06D\x01\x06H\x01\x06D\x01\x06A\x00\x00D\x01\xb8H\x01\x88H\x01]H\x01JH\x01&H\x01\x06H\x01&A\x00\x00D\x01\xb8H\x01\x88H\x01]H\x01JH\x01&H\x01\x06H\x01&A\x01]D\x01\x88D\x01\xb8H\x01\x88D\x01\xb8H\x01\xd2D\x01\xb8D\x01\x88H\x01]D\x01\x88H\x01\xb8D\x01\x88D\x01]D\x01\xb8D\x01\x88A\x02\x0bD\x01\xb8D\x01\x88H\x01\xb8D\x02\x0bH\x01\xd2D\x01\xb8D\x01\x88H\x01]D\x01\x88H\x01\xb8D\x01\x88D\x01]D\x01\xb8D\x01\x88A\x02\x0bA\x02\x0bD\x01\xd2H\x02\x0bH\x01\xd2B\x01\xb8D\x01\x06H\x01\x06D\x01\x06H\x01\x06D\x01\x06A\x00\x00D\x01\xb8H\x01\x88H\x01]H\x01JH\x01&H\x01\x06H\x01&A\x00\x00D\x01\xb8H\x01\x88H\x01]H\x01JH\x01&H\x01\x06H\x01&A\x01]D\x01\x88D\x01\xb8H\x01\x88D\x01\xb8H\x01\xd2D\x01\xb8D\x01\x88H\x01]D\x01\x88H\x01\xb8D\x01\x06H\x01\x06D\x01\x06H\x01\x06D\x01\x06A\x01]D\x01\x88D\x01\xb8H\x01\x88D\x01\xb8H\x01\xd2D\x01\xb8D\x01\x88H\x01]D\x01\x88H\x01\xb8D\x01\x88D\x01]D\x01\xb8D\x01\x88A\x02\x0bD\x01\xb8D\x01\x88H\x01\xb8D\x02\x0bH\x01\xd2D\x01\xb8D\x01\x88H\x01]D\x01\x88H\x01\xb8D\x01\x88D\x01]D\x01\xb8D\x01\x88A\x02\x0bA\x02\x0bD\x01\xd2H\x02\x0bH\x01\xd2B\x01\xb8D\x01\x06H\x01\x06D\x01\x06H\x01\x06D\x01\x06A\x00\x00D\x01\xb8H\x01\x88H\x01]H\x01JH\x01&H\x01\x06H\x01&A\x00\x00D\x01\xb8H\x01\x88H\x01]H\x01JH\x01&H\x01\x06H\x01&A\x01]D\x01\x88D\x01\xb8H\x01\x88D\x01\xb8H\x01\xd2D\x01\xb8D\x01\x88H\x01]D\x01\x88H\x01\xb8D\x01\x06H\x01\x06D\x01\x06H\x01\x06D\x01\x06A'
the_lick,23,b'\x00l\x01&H\x01JH\x01]H\x01\x88H\x01JD\x01\x06H\x01&A'
canon_in_d_pachelbel,374,b'\x00d\x01rB\x01JB\x01&B\x01\x15B\x00\xf7B\x00\xdcB\x00\xf7B\x01\x15B\x01rB\x01JB\x01&B\x01\x15B\x00\xf7B\x00\xdcB\x00\xf7B\x01\x15B\x01&B\x01\x15B\x00\xf7B\x00\xdcB\x00\xc4B\x00\xb9B\x00\xc4B\x00\xdcB\x01&D\x01rH\x01\x88H\x01\xb8D\x01rH\x01\x88H\x01\xb8D\x00\xf7H\x01\x15H\x01&H\x01JH\x01rH\x01\x88H\x01rD\x01&H\x01JH\x01rD\x00\xb9H\x00\xc4H\x00\xdcH\x00\xc4H\x00\xb9H\x00\xc4H\x00\xdcB\x00\xc4D\x00\xf7H\x00\xdcH\x00\xc4D\x00\xb9H\x00\xa5H\x00\xb9D\x00\x93H\x00\xa5H\x00\xb9H\x00\xc4H\x00\xdcH\x00\xf7H\x00\xc4D\x00\xf7H\x00\xdcH\x00\xf7D\x01\x15H\x01&H\x00\xdcH\x00\xf7H\x01\x15H\x01&H\x01JH\x01rH\x01\x88H\x01\xb8B\x01\xb8D\x01rH\x01\x88H\x01\xb8D\x01rH\x01\x88H\x01\xb8H\x00\xdcH\x00\xf7H\x01\x15H\x01&H\x01JH\x01rH\x01\x88H\x01rD\x01&H\x01JH\x01rH\x01\x15H\x00\xdcH\x00\xdcH\x01\x15D\x00\xf7D\x01&H\x01\x15H\x00\xf7D\x00\xdcH\x00\xc4H\x00\xdcD\x00\x93H\x00\xa5H\x00\xb9H\x00\xc4H\x00\xdcH\x00\xf7D\x00\xc4D\x00\xf7H\x00\xdcH\x00\xf7D\x01\x15H\x01&H\x00\xdcH\x00\xf7H\x01\x15H\x01&H\x01JH\x01rH\x01\x88H\x01\xb8B'
at_doom_s_gate_e1m1,2042,b'\x00\xe1\x00RH\x00RH\x00\xa5H\x00RH\x00RH\x00\x93H\x00RH\x00RH\x00\x83H\x00RH\x00RH\x00uH\x00RH\x00RH\x00{H\x00\x83H\x00RH\x00RH\x00\xa5H\x00RH\x00RH\x00\x93H\x00RH\x00RH\x00\x83H\x00RH\x00RH\x00u>\x00RH\x00RH\x00\xa5H\x00RH\x00RH\x00\x93H\x00RH\x00RH\x00\x83H\x00RH\x00RH\x00uH\x00RH\x00RH\x00{H\x00\x83H\x00RH\x00RH\x00\xa5H\x00RH\x00RH\x00\x93H\x00RH\x00RH\x00\x83H\x00RH\x00RH\x00u>\x00RH\x00RH\x00\xa5H\x00RH\x00RH\x00\x93H\x00RH\x00RH\x00\x83H\x00RH\x00RH\x00uH\x00RH\x00RH\x00{H\x00\x83H\x00RH\x00RH\x00\xa5H\x00RH\x00RH\x00\x93H\x00RH\x00RH\x00\x83H\x00RH\x00RH\x00u>\x00RH\x00RH\x00\xa5H\x00RH\x00RH\x00\x93H\x00RH\x00RH\x00\x83H\x00RH\x00RH\x00uH\x00RH\x00RH\x00{H\x00\x83H\x00RH\x00RH\x00\xa5H\x00RH\x00RH\x00\x93H\x00RH\x00RH\x00\xb90\x00\x930\x00{0\x00\xdc0\x00\xb90\x00{0\x00\x930\x00\xb90\x00\xdc0\x00\xb90\x00\x930\x00{0\x00RH\x00RH\x00\xa5H\x00RH\x00RH\x00\x93H\x00RH\x00RH\x00\x83H\x00RH\x00RH\x00uH\x00RH\x00RH\x00{H\x00\x83H\x00RH\x00RH\x00\xa5H\x00RH\x00RH\x00\x93H\x00RH\x00RH\x00\x83H\x00RH\x00RH\x00u>\x00RH\x00RH\x00\xa5H\x00RH\x00RH\x00\x93H\x00RH\x00RH\x00\x83H\x00RH\x00RH\x00uH\x00RH\x00RH\x00{H\x00\x83H\x00RH\x00RH\x00\xa5H\x00RH\x00RH\x00\x93H\x00RH\x00RH\x00\xf70\x00\xc40\x00\xa50\x00\xc40\x00\xf70\x01J0\x00\xc40\x00\xf70\x01J0\x00\xf70\x01\x880\x01\xee0\x00nH\x00nH\x00\xdcH\x00nH\x00nH\x00\xc4H\x00nH\x00nH\x00\xafH\x00nH\x00nH\x00\x9cH\x00nH\x00nH\x00\xa5H\x00\xafH\x00nH\x00nH\x00\xdcH\x00nH\x00nH\x00\xc4H\x00nH\x00nH\x00\xafH\x00nH\x00nH\x00\x9c>\x00nH\x00nH\x00\xdcH\x00nH\x00nH\x00\xc4H\x00nH\x00nH\x00\xafH\x00nH\x00nH\x00\x9cH\x00nH\x00nH\x00\xa5H\x00\xafH\x00nH\x00nH\x00\xdcH\x00nH\x00nH\x00\xc4H\x00nH\x00nH\x00\xdc0\x00\xaf0\x00\x930\x00\xdc0\x00\xaf0\x00\x930\x01\x060\x00\xdc0\x00\xaf0\x00\xdc0\x00\xaf0\x00\x930\x00RH\x00RH\x00\xa5H\x00RH\x00RH\x00\x93H\x00RH\x00RH\x00\x83H\x00RH\x00RH\x00uH\x00RH\x00RH\x00{H\x00\x83H\x00RH\x00RH\x00\xa5H\x00RH\x00RH\x00\x93H\x00RH\x00RH\x00\x83H\x00RH\x00RH\x00u>\x00RH\x00RH\x00\xa5H\x00RH\x00RH\x00\x93H\x00RH\x00RH\x00\x83H\x00RH\x00RH\x00uH\x00RH\x00RH\x00{H\x00\x83H\x00RH\x00RH\x00\xa5H\x00RH\x00RH\x00\x93H\x00RH\x00RH\x00\x83H\x00RH\x00RH\x00u>\x00\x8bH\x00\x8bH\x01\x15H\x00\x8bH\x00\x8bH\x00\xf7H\x00\x8bH\x00\x8bH\x00\xdcH\x00\x8bH\x00\x8bH\x00\xc4H\x00\x8bH\x00\x8bH\x00\xd0H\x00\xdcH\x00{H\x00{H\x00\xf7H\x00{H\x00{H\x00\xdcH\x00{H\x00{H\x00\xc4H\x00{H\x00{H\x00\xaf>\x00RH\x00RH\x00\xa5H\x00RH\x00RH\x00\x93H\x00RH\x00RH\x00\x83H\x00RH\x00RH\x00uH\x00RH\x00RH\x00{H\x00\x83H\x00RH\x00RH\x00\xa5H\x00RH\x00RH\x00\x93H\x00RH\x00RH\x00\xf70\x00\xc40\x00\xa50\x00\xc40\x00\xf70\x01J0\x00\xc40\x00\xf70\x01J0\x00\xf70\x01\x880\x01\xee0\x00RH\x00RH\x00\xa5H\x00RH\x00RH\x00\x93H\x00RH\x00RH\x00\x83H\x00RH\x00RH\x00uH\x00RH\x00RH\x00{H\x00\x83H\x00RH\x00RH\x00\xa5H\x00RH\x00RH\x00\x93H\x00RH\x00RH\x00\x83H\x00RH\x00RH\x00u>\x00RH\x00RH\x00\xa5H\x00RH\x00RH\x00\x93H\x00RH\x00RH\x00\x83H\x00RH\x00RH\x00uH\x00RH\x00RH\x00{H\x00\x83H\x00RH\x00RH\x00\xa5H\x00RH\x00RH\x00\x93H\x00RH\x00RH\x00\xb90\x00\x9c0\x00{0\x00\xb90\x00\x9c0\x00{0\x00\xc40\x00\x930\x00{0\x0170\x00\x9c0\x00{0\x00RH\x00RH\x00\xa5H\x00RH\x00RH\x00\x93H\x00RH\x00RH\x00\x83H\x00RH\x00RH\x00uH\x00RH\x00RH\x00{H\x00\x83H\x00RH\x00RH\x00\xa5H\x00RH\x00RH\x00\x93H\x00RH\x00RH\x00\x83H\x00RH\x00RH\x00u>\x00RH\x00RH\x00\xa5H\x00RH\x00RH\x00\x93H\x00RH\x00RH\x00\x83H\x00RH\x00RH\x00uH\x00RH\x00RH\x00{H\x00\x83H\x00RH\x00RH\x00\xa5H\x00RH\x00RH\x00\x93H\x00RH\x00RH\x01J0\x00\xf70\x00\xc40\x01\x880\x01J0\x00\xc40\x00\xf70\x01&0\x01J0\x01\x880\x01J0\x00\xc40\x00RH\x00RH\x00\xa5H\x00RH\x00RH\x00\x93H\x00RH\x00RH\x00\x83H\x00RH\x00RH\x00uH\x00RH\x00RH\x00{H\x00\x83H\x00RH\x00RH\x00\xa5H\x00RH\x00RH\x00\x93H\x00RH\x00RH\x00\x83H\x00RH\x00RH\x00u>\x00nH\x00nH\x00\xdcH\x00nH\x00nH\x00\xc4H\x00nH\x00nH\x00\xafH\x00nH\x00nH\x00\x9cH\x00nH\x00nH\x00\xa5H\x00\xafH\x00nH\x00nH\x00\xdcH\x00nH\x00nH\x00\xc4H\x00nH\x00nH\x00\xdc0\x00\xaf0\x00\x930\x00\xdc0\x00\xaf0\x00\x930\x01\x060\x00\xdc0\x00\xaf0\x00\xdc0\x00\xaf0\x00\x930\x00RH\x00RH\x00\xa5H\x00RH\x00RH\x00\x93H\x00RH\x00RH\x00\x83H\x00RH\x00RH\x00uH\x00RH\x00RH\x00{H\x00\x83H\x00RH\x00RH\x00\xa5H\x00RH\x00RH\x00\x93H\x00RH\x00RH\x00\x83H\x00RH\x00RH\x00u>\x00RH\x00RH\x00\xa5H\x00RH\x00RH\x00\x93H\x00RH\x00RH\x00\x83H\x00RH\x00RH\x00uH\x00RH\x00RH\x00{H\x00\x83H\x00RH\x00RH\x00\xa5H\x00RH\x00RH\x00\x93H\x00RH\x00RH\x00\x83H\x00RH\x00RH\x00u>\x00RH\x00RH\x00\xa5H\x00RH\x00RH\x00\x93H\x00RH\x00RH\x00\x83H\x00RH\x00RH\x00uH\x00RH\x00RH\x00{H\x00\x83H\x00RH\x00RH\x00\xa5H\x00RH\x00RH\x00\x93H\x00RH\x00RH\x00\x83H\x00RH\x00RH\x00u>\x00RH\x00RH\x00\xa5H\x00RH\x00RH\x00\x93H\x00RH\x00RH\x00\x83H\x00RH\x00RH\x00uH\x00RH\x00RH\x00{H\x00\x83H\x00RH\x00RH\x00\xa5H\x00RH\x00RH\x00\x93H\x00RH\x00RH\x00\xf70\x00\xc40\x00\xa50\x00{0\x00\xa50\x00\xc40\x01\x060\x00\xf70\x00\xc40\x00\xf70\x00\xc40\x00\xa50'
pink_panther_theme,266,b'\x00x\x00\x00B\x00\x00D\x00\x00H\x017H\x01J<\x00\x00H\x01rH\x01\x88<\x00\x00H\x017H\x01J8\x01rH\x01\x888\x02\x0bH\x01\xee8\x01JH\x01\x888\x01\xeeH\x01\xd2B\x01\xb80\x01\x880\x01J0\x01&0\x01JB\x00\x00D\x00\x00H\x017D\x01J<\x00\x00H\x01rH\x01\x88<\x00\x00H\x017H\x01J8\x01rH\x01\x888\x02\x0bH\x01\xee8\x01\x88H\x01\xee8\x02\x93H\x02nA\x02KB\x00\x00D\x00\x00H\x017H\x01J<\x00\x00H\x01rH\x01\x88<\x00\x00H\x017H\x01J8\x01rH\x01\x888\x02\x0bH\x01\xee8\x01JH\x01\x888\x01\xeeH\x01\xd2B\x01\xb80\x01\x880\x01J0\x01&0\x01J<\x00\x00D\x00\x00D\x02\x938\x02KH\x01\xee8\x01\xb8H\x01\x888\x01J8\x01\xd2P\x01\xb88\x01\xd2P\x01\xb88\x01\xd2P\x01\xb88\x01\xd2P\x01\xb88\x01\x880\x01J0\x01&0\x01JP\x01JP\x01JB'
hedwig_s_theme_harry_potter,188,b'\x00\x90\x00\x00B\x01&D\x01\x88<\x01\xd2H\x01\xb8D\x01\x88B\x02KD\x02\x0b>\x01\xb8>\x01\x88<\x01\xd2H\x01\xb8D\x01]B\x01\x9fD\x01&?\x01&D\x01\x88<\x01\xd2H\x01\xb8D\x01\x88B\x02KD\x02\xbaB\x02\x93D\x02nB\x01\xeeD\x02n<\x02KH\x02*D\x01\x15B\x01\xeeD\x01\x88?\x01\xd2D\x02KB\x01\xd2D\x02KB\x01\xd2D\x02nB\x02KD\x02*B\x01\xb8D\x01\xd2<\x02KH\x02*D\x01\x15B\x01&D\x02K?\x00\x00D\x01\xd2D\x02KB\x01\xd2D\x02KB\x01\xd2D\x02\xbaB\x02\x93D\x02nB\x01\xeeD\x02n<\x02KH\x02*D\x01\x15B\x01\xd2D\x01\x88?'
jigglypuff_s_song,116,b'\x00U\x02K<\x03pH\x02\xe4H\x02KH\x02\x93<\x02\xe4H\x03\x10D\x02\xe4<\x02\x93H\x02\xe4D\x02K>\x02K<\x03pH\x02\xe4H\x02KH\x02\x93<\x02\xe4H\x03\x10D\x02\xe4?\x02K<\x03pH\x02\xe4H\x02KH\x02\x93<\x02\xe4H\x03\x10D\x02\xe4<\x02\x93H\x02\xe4D\x02K>\x02K<\x03pH\x02\xe4H\x02KH\x02\x93<\x02\xe4H\x03\x10D\x02\xe4?'
we_wish_you_a_merry_christmas,587,b'\x00\x8c\x02\x0bD\x02\xbaD\x02\xbaH\x03\x10H\x02\xbaH\x02\x93H\x02KD\x02KD\x02KD\x03\x10D\x03\x10H\x03pH\x03\x10H\x02\xbaH\x02\x93D\x02\x0bD\x02\x0bD\x03pD\x03pH\x03\xa4H\x03pH\x03\x10H\x02\xbaD\x02KD\x02\x0bH\x02\x0bH\x02KD\x03\x10D\x02\x93D\x02\xbaB\x02\x0bD\x02\xbaD\x02\xbaH\x03\x10H\x02\xbaH\x02\x93H\x02KD\x02KD\x02KD\x03\x10D\x03\x10H\x03pH\x03\x10H\x02\xbaH\x02\x93D\x02\x0bD\x02\x0bD\x03pD\x03pH\x03\xa4H\x03pH\x03\x10H\x02\xbaD\x02KD\x02\x0bH\x02\x0bH\x02KD\x03\x10D\x02\x93D\x02\xbaB\x02\x0bD\x02\xbaD\x02\xbaD\x02\xbaD\x02\x93B\x02\x93D\x02\xbaD\x02\x93D\x02KD\x02\x0bB\x03pD\x03\xa4D\x03pD\x03\x10D\x04\x17D\x02\x0bD\x02\x0bH\x02\x0bH\x02KD\x03\x10D\x02\x93D\x02\xbaB\x02\x0bD\x02\xbaD\x02\xbaH\x03\x10H\x02\xbaH\x02\x93H\x02KD\x02KD\x02KD\x03\x10D\x03\x10H\x03pH\x03\x10H\x02\xbaH\x02\x93D\x02\x0bD\x02\x0bD\x03pD\x03pH\x03\xa4H\x03pH\x03\x10H\x02\xbaD\x02KD\x02\x0bH\x02\x0bH\x02KD\x03\x10D\x02\x93D\x02\xbaB\x02\x0bD\x02\xbaD\x02\xbaD\x02\xbaD\x02\x93B\x02\x93D\x02\xbaD\x02\x93D\x02KD\x02\x0bB\x03pD\x03\xa4D\x03pD\x03\x10D\x04\x17D\x02\x0bD\x02\x0bH\x02\x0bH\x02KD\x03\x10D\x02\x93D\x02\xbaB\x02\x0bD\x02\xbaD\x02\xbaH\x03\x10H\x02\xbaH\x02\x93H\x02KD\x02KD\x02KD\x03\x10D\x03\x10H\x03pH\x03\x10H\x02\xbaH\x02\x93D\x02\x0bD\x02\x0bD\x03pD\x03pH\x03\xa4H\x03pH\x03\x10H\x02\xbaD\x02KD\x02\x0bH\x02\x0bH\x02KD\x03\x10D\x02\x93D\x02\xbaB\x02\x0bD\x02\xbaD\x02\xbaH\x03\x10H\x02\xbaH\x02\x93H\x02KD\x02KD\x02KD\x03\x10D\x03\x10H\x03pH\x03\x10H\x02\xbaH\x02\x93D\x02\x0bD\x02\x0bD\x03pD\x03pH\x03\xa4H\x03pH\x03\x10H\x02\xbaD\x02KD\x02\x0bH\x02\x0bH\x02KD\x03\x10D\x02\x93D\x02\xbaB\x00\x00D'
keyboard_cat,182,b'\x00\xa0\x00\x00A\x00\x00A\x01\x06D\x01JD\x01\x88D\x01JD\x01\x06D\x01JH\x01\x88<\x01JD\x00\xdcD\x01\x06D\x01JD\x01\x06D\x00\xdcD\x01\x06H\x01J<\x01\x06D\x00\xc4D\x00\xf7D\x01&D\x00\xf7D\x00\xc4D\x00\xf7H\x01&<\x00\xf7D\x00\xc4D\x00\xc4H\x00\xc4<\x00\xc4H\x00\xc4D\x00\xc4D\x00\xc4D\x00\xc4H\x00\xc4D\x01\x06D\x01JD\x01\x88D\x01JD\x01\x06D\x01JH\x01\x88<\x01JD\x00\xdcD\x01\x06D\x01JD\x01\x06D\x00\xdcD\x01\x06H\x01J<\x01\x06D\x00\xc4D\x00\xf7D\x01&D\x00\xf7D\x00\xc4D\x00\xf7H\x01&<\x00\xf7D\x00\xc4?'
game_of_thrones,392,b'\x00U\x01\x88H\x01\x06H\x017P\x01]P\x01\x88H\x01\x06H\x017P\x01]P\x01\x88H\x01\x06H\x017P\x01]P\x01\x88H\x01\x06H\x017P\x01]P\x01\x88H\x01\x06H\x01JP\x01]P\x01\x88H\x01\x06H\x01JP\x01]P\x01\x88H\x01\x06H\x01JP\x01]P\x01\x88H\x01\x06H\x01JP\x01]P\x01\x88<\x01\x06<\x017P\x01]P\x01\x88D\x01\x06D\x017P\x01]P\x01&?\x01]<\x00\xe9<\x017P\x01&P\x01]D\x00\xe9<\x017P\x01&P\x01\x06?\x01\x88<\x01\x06<\x017P\x01]P\x01\x88D\x01\x06D\x017P\x01]P\x01&?\x01]<\x00\xe9<\x017P\x01&P\x01]D\x00\xe9<\x017P\x01&P\x01\x06?\x01\x88<\x01\x06<\x017P\x01]P\x01\x88D\x01\x06D\x017P\x01]P\x01&>\x01]<\x00\xe9<\x01&8\x0178\x01&8\x00\xe98\x01\x06?\x02\x0b>\x01\xd2>\x01\x06>\x01\x88>\x017>\x017<\x01]<\x01\x88?\x02\x0b>\x01\xd2>\x01\x06>\x01\x88>\x017>\x017<\x01&<\x02\x0bH\x01\x88H\x01\x9fP\x01\xd2P\x02\x0bH\x01\x88H\x01\x9fP\x01\xd2P\x02\x0bH\x01\x88H\x01\x9fP\x01\xd2P\x02\x0bH\x01\x88H\x01\x9fP\x01\xd2P\x00\x00D\x03?P\x03\xa4P\x04\x17H\x03\x10H\x03?P\x03\xa4P\x04\x17H\x03\x10P\x03?P\x03\xa4P\x04\x17H\x03\x10H\x03?P\x03\xa4P'
greensleeves,410,b'\x00F\x01\x88H\x01\xd2D\x02\x0bH\x02K8\x02nP\x02KH\x02\x0bD\x01\xb8H\x01]8\x01\x88P\x01\xb8H\x01\xd2D\x01\x88H\x01\x888\x01rP\x01\x88H\x01\xb8D\x01rH\x01&D\x01\x88H\x01\xd2D\x02\x0bH\x02K8\x02nP\x02KH\x02\x0bD\x01\xb8H\x01]8\x01\x88P\x01\xb8H\x01\xd28\x01\xb8P\x01\x88H\x01r8\x01JP\x01rH\x01\x88>\x02\xbaB\x02\x93P\x02KH\x02\x0bD\x01\xb8H\x01]8\x01\x88P\x01\xb8H\x01\xd2D\x01\x88H\x01\x888\x01rP\x01\x88H\x01\xb8D\x01rH\x01&D\x02\xbaB\x02\x93P\x02KH\x02\x0bD\x01\xb8H\x01]8\x01\x88P\x01\xb8H\x01\xd28\x01\xb8P\x01\x88H\x01r8\x01JP\x01rH\x01\x88>\x01\x88H\x01\xd2D\x02\x0bH\x02K8\x02nP\x02KH\x02\x0bD\x01\xb8H\x01]8\x01\x88P\x01\xb8H\x01\xd2D\x01\x88H\x01\x888\x01rP\x01\x88H\x01\xb8D\x01rH\x01&D\x01\x88H\x01\xd2D\x02\x0bH\x02K8\x02nP\x02KH\x02\x0bD\x01\xb8H\x01]8\x01\x88P\x01\xb8H\x01\xd28\x01\xb8P\x01\x88H\x01r8\x01JP\x01rH\x01\x88>\x02\xbaB\x02\x93P\x02KH\x02\x0bD\x01\xb8H\x01]8\x01\x88P\x01\xb8H\x01\xd2D\x01\x88H\x01\x888\x01rP\x01\x88H\x01\xb8D\x01rH\x01&D\x02\xbaB\x02\x93P\x02KH\x02\x0bD\x01\xb8H\x01]8\x01\x88P\x01\xb8H\x01\xd28\x01\xb8P\x01\x88H\x01r8\x01JP\x01rH\x01\x88>'
green_hill_zone_sonic_the_hedgehog,527,b'\x00\x8c\x00\x00B\x02KH\x01\xeeD\x02KH\x02*D\x02KH\x02*D\x01\xb8B\x00\x00H\x01\xb8H\x02\xe4H\x02\x93D\x02KH\x02*D\x02KH\x02*D\x01\xb8B\x00\x00D\x02KH\x01\xeeD\x02KH\x02*D\x02KH\x02*D\x01\xb8B\x00\x00H\x01\xeeH\x01\xeeH\x01\x88D\x01\xeeH\x01\xb8D\x01\xeeH\x01\xb8D\x01&B\x00\x00D\x02KH\x01\xeeD\x02KH\x02*D\x02KH\x02*D\x01\xb8B\x00\x00H\x01\xb8H\x02\xe4H\x02\x93D\x02KH\x02*D\x02KH\x02*D\x01\xb8B\x00\x00D\x02KH\x01\xeeD\x02KH\x02*D\x02KH\x02*D\x01\xb8B\x00\x00H\x01\xeeH\x01\xeeH\x01\x88D\x01\xeeH\x01\xb8D\x01\xeeH\x01\xb8D\x01&H\x01&H\x01rH\x01J?\x00\x00H\x01&H\x01JH\x01r?\x00\x00H\x01&H\x01&H\x01rH\x01]?\x00\x00H\x01&H\x01]H\x01J?\x00\x00B\x02KH\x01\xeeD\x02KH\x02*D\x02KH\x02*D\x01\xb8B\x00\x00H\x01\xb8H\x02\xe4H\x02\x93D\x02KH\x02*D\x02KH\x02*D\x01\xb8B\x00\x00D\x02KH\x01\xeeD\x02KH\x02*D\x02KH\x02*D\x01\xb8B\x00\x00H\x01\xeeH\x01\xeeH\x01\x88D\x01\xeeH\x01\xb8D\x01\xeeH\x01\xb8D\x01&B\x00\x00D\x02KH\x01\xeeD\x02KH\x02*D\x02KH\x02*D\x01\xb8B\x00\x00H\x01\xb8H\x02\xe4H\x02\x93D\x02KH\x02*D\x02KH\x02*D\x01\xb8B\x00\x00D\x02KH\x01\xeeD\x02KH\x02*D\x02KH\x02*D\x01\xb8B\x00\x00H\x01\xeeH\x01\xeeH\x01\x88D\x01\xeeH\x01\xb8D\x01\xeeH\x01\xb8D\x01&H\x01&H\x01rH\x01J?\x00\x00H\x01&H\x01JH\x01r?\x00\x00H\x01&H\x01&H\x01rH\x01]?\x00\x00H\x01&H\x01]H\x01JH\x01J>\x01\xb8H\x02*H\x02\xe4H\x02\x93D\x02KH\x03p<'
the_legend_of_zelda_theme,332,b'\x00X\x01\xd2>\x01]H\x01]H\x01\xd2H\x01\x9fP\x01rP\x01\x9f>\x01\xd2>\x01rH\x01rH\x01\xd2H\x01\xb8P\x01\x88P\x01\xb8>\x00\x00A\x01\xd2D\x01]<\x01\xd2H\x01\xd2P\x02\x0bP\x02KP\x02nP\x02\xbaB\x02\xbaH\x02\xbaH\x02\xbaH\x02\xe4P\x03?P\x03\xa4>\x03\xa4H\x03\xa4H\x03?H\x02\xe4P\x03?8\x02\xe4P\x02\xbaB\x02\xbaD\x02n8\x02\xbaP\x02\xe4B\x02\xbaH\x02nH\x02*8\x02nP\x02\xbaB\x02nH\x02*H\x02\x0b8\x02KP\x02\x93B\x03\x10H\x02\xbaP\x01]P\x01]P\x01]P\x01]P\x01]P\x01]P\x01]P\x01]H\x01]P\x01]H\x01\xd2D\x01]<\x01\xd2H\x01\xd2P\x02\x0bP\x02KP\x02nP\x02\xbaB\x02\xbaH\x02\xbaH\x02\xbaH\x02\xe4P\x03?P\x03\xa4>\x04UD\x04\x17D\x03pB\x02\xbaD\x02\xe4>\x03\xa4D\x03pD\x02\xbaB\x02\xbaD\x02\xe4>\x03\xa4D\x03pD\x02\xbaB\x02KD\x02n>\x02\xe4D\x02\xbaD\x02*B\x01\xd2D\x02\x0b8\x02KP\x02\x93B\x03\x10H\x02\xbaP\x01]P\x01]P\x01]P\x01]P\x01]P\x01]P\x01]P\x01]H\x01]P\x01]H'
baby_elephant_walk,206,b'\x00\x84\x01\x068\x01JP\x01\x88H\x02\x0bH\x02\x93H\x02KH\x02\x0bH\x01\xb8H\x01rH\x01\x88H\x00\x00D\x00\x00B\x01\x068\x01JP\x01\x88H\x02\x0bH\x02\x93H\x02KH\x02\x0bH\x01\xb8H\x01\x88>\x01\xb8H\x017A\x01\xb8H\x01JH\x01\x06H\x00\x00D\x00\x00B\x01\x068\x01JP\x01\x88H\x02\x0bH\x02\x93H\x02KH\x02\x0bH\x01\xb8H\x01rH\x01\x88H\x00\x00D\x00\x00D\x00\x00H\x01\x88H\x02KD\x02KD\x01\xeeH\x01\x88H\x00\x00H\x01\x88H\x02\x0bD\x02\x0bD\x01\xd2P\x02\x0bP\x01\xd2P\x01\x88P\x01]H\x017H\x01rD\x01rD\x01]P\x01\x88P\x01]P\x017P\x01\x06H\x01\x88H\x01\xd2H\x02\x0bH\x00\x00D\x00\x00B'
bloody_tears_castlevania_ii,2033,"b""\x00\x90\x00\x00D\x03\x10D\x03pD\x03\xa4D\x03pD\x02\xbaD\x03pD\x03\x10D\x00\x00D\x03\x10D\x03pD\x03\xa4D\x04\x17D\x03\xa4D\x03pD\x03\x10D\x00\x00D\x03\x10D\x03pD\x03\xa4D\x03pD\x02\xbaD\x03pD\x03\x10D\x04\x97D\x00\x00H\x04\x17H\x00\x00D\x03\xa4D\x03pD\x03\xa4H\x04\x17H\x05uH\x00\x00H\x00\x00D\x03\x10P\x02KP\x04\x97P\x02KP\x04\x17P\x02KP\x03\xa4P\x02KP\x03pP\x02KP\x03\xa4P\x02KP\x03pP\x02KP\x03\x10P\x02KP\x03pP\x02KP\x03\xa4P\x02KP\x04\x17P\x02KP\x03\xa4P\x02KP\x03pP\x02KP\x02\xbaP\x02KP\x03pP\x02KP\x03\x10P\x02KP\x03\x10P\x02KP\x04\x97P\x02KP\x04\x17P\x02KP\x03\xa4P\x02KP\x03pP\x02KP\x03\xa4P\x02KP\x03pP\x02KP\x03\xa4P\x02KP\x03pP\x02KP\x03\xa4P\x02KP\x04\x17P\x02KP\x03\xa4P\x02KP\x03pP\x02KP\x02\xbaP\x02KP\x03pP\x02KP\x03\x10P\x02KP\x03\x10P\x02KP\x04\x97P\x02KP\x04\x17P\x02KP\x03\xa4P\x02KP\x03pP\x02KP\x03\xa4P\x02KP\x03pP\x02KP\x03\x10P\x02KP\x03pP\x02KP\x03\xa4P\x02KP\x04\x17P\x02KP\x03\xa4P\x02KP\x03pP\x02KP\x02\xbaP\x02KP\x03pP\x02KP\x03\x10P\x02KP\x03\xa4P\x02KP\x04\x97P\x02KP\x04\x17P\x02KP\x03\xa4P\x02KP\x03pP\x02KP\x03\xa4P\x02KP\x03pP\x02KP\x03\x10P\x02KP\x03pP\x02KP\x03\xa4P\x02KP\x04\x17P\x02KP\x03\xa4P\x02KP\x03pP\x02KP\x02\xbaP\x02KP\x03pP\x02KP\x03\x10P\x02KP\x04\x17P\x04\x17P\x05uP\x04\x97H\x00\x00P\x00\x00H\x00\x00D\x04\x17P\x03\xa4P\x04\x178\x05u8\x04\x97<\x04\x17H\x03\xa4H\x04\x17H\x05uP\x04\x97H\x00\x00P\x00\x00H\x00\x00D\x04\x17H\x04\x97H\x04\xdd8\x05u8\x04\x978\x00\x00P\x04\xddH\x00\x00H\x04\x17H\x05uP\x04\x97H\x00\x00P\x00\x00H\x00\x00D\x04\x17H\x03\xa4H\x04\x178\x05u8\x04\x97<\x04\x17H\x03\xa4H\x04\x17H\x05uP\x04\x97H\x00\x00P\x00\x00H\x00\x00D\x04\x17H\x04\x97H\x04\xdd8\x05u8\x02KH\x02\xe4H\x02\xbaH\x03pH\x03p8\x03\x10<\x03p8\x03\x10<\x03p8\x03\x10<\x03\xa4H\x03pH\x03\x10H\x02\xbaH\x03p8\x03\x108\x02KH\x03p8\x03\x108\x02KH\x03p8\x03\x108\x02KH\x03\xa4D\x04\x17D\x03pD\x03\xa4D\x03\x10P\x02KP\x04\x97P\x02KP\x04\x17P\x02KP\x03\xa4P\x02KP\x03pP\x02KP\x03\xa4P\x02KP\x03pP\x02KP\x03\x10P\x02KP\x03pP\x02KP\x03\xa4P\x02KP\x04\x17P\x02KP\x03\xa4P\x02KP\x03pP\x02KP\x02\xbaP\x02KP\x03pP\x02KP\x03\x10P\x02KP\x03\x10P\x02KP\x04\x97P\x02KP\x04\x17P\x02KP\x03\xa4P\x02KP\x03pP\x02KP\x03\xa4P\x02KP\x03pP\x02KP\x03\xa4P\x02KP\x03pP\x02KP\x03\xa4P\x02KP\x04\x17P\x02KP\x03\xa4P\x02KP\x03pP\x02KP\x02\xbaP\x02KP\x03pP\x02KP\x03\x10P\x02KP\x03\x10P\x02KP\x04\x97P\x02KP\x04\x17P\x02KP\x03\xa4P\x02KP\x03pP\x02KP\x03\xa4P\x02KP\x03pP\x02KP\x03\x10P\x02KP\x03pP\x02KP\x03\xa4P\x02KP\x04\x17P\x02KP\x03\xa4P\x02KP\x03pP\x02KP\x02\xbaP\x02KP\x03pP\x02KP\x03\x10P\x02KP\x03\xa4P\x02KP\x04\x97P\x02KP\x04\x17P\x02KP\x03\xa4P\x02KP\x03pP\x02KP\x03\xa4P\x02KP\x03pP\x02KP\x03\x10P\x02KP\x03pP\x02KP\x03\xa4P\x02KP\x04\x17P\x02KP\x03\xa4P\x02KP\x03pP\x02KP\x02\xbaP\x02KP\x03pH\x03\x10`\x03p`\x03\xa4`\x04\x17`\x04\x97P\x03\x10P\x03\xa4P\x03\x10P\x04\x17P\x03\x10P\x04\x97P\x03\x10P\x04\x17P\x03\x10P\x03pP\x03\x10P\x05uP\x03\x10P\x04\x97P\x02nP\x04\x97D\x00\x00D\x02\x0bH\x00\x00H\x01\xb80\x01\xd20\x02\x0bP\x04\x97P\x01\x88P\x01\xd2P\x01\x88P\x02\x0bP\x01\x88P\x04\x97P\x01\x88P\x04\x17P\x01]P\x01\xb8P\x01]P\x02\xbaP\x01]P\x04\x97P\x017P\x04\x97P\x00\x00H\x01JP\x01]P\x01\x9fH\x00\x00H\x01\xd2H\x00\x00H\x02nP\x01\x9fP\x01\xeeP\x01\x9fP\x02*P\x01\x9fP\x02nP\x01\x9fP\x02*P\x01rP\x01\xd2P\x01rP\x02\xe4P\x01rP\x02nP\x02\x93P\x02KD\x00\x00D\x02*H\x00\x00H\x01\xd20\x01\xee0\x02*P\x02nP\x01\x9fP\x01\xeeP\x01\x9fP\x02*P\x01\x9fP\x02nP\x01\x9fP\x02*P\x01rP\x01\xd2P\x01rP\x02\xe4P\x01rP\x02nP\x02\x93P\x02nD\x00\x00H\x02nP\x02\x93P\x02\xe4P\x02*P\x02\x93P\x01\x15P\x02nP\x02\x93P\x03\x10P\x03\xa4P\x03?P\x02nP\x04\xddP\x02nP\x04UP\x02nP\x03\xdcP\x02nP\x03\xa4P\x02nP\x03\xdcP\x02nP\x03\xa4P\x02nP\x03?P\x02nP\x03\xa4P\x02nP\x03\xdcP\x02nP\x04UP\x02nP\x03\xdcP\x02nP\x03\xa4P\x02nP\x02\xe4P\x02nP\x03\xa4P\x02nP\x03?P\x02nP\x03?P\x02nP\x04\xddP\x02nP\x04UP\x02nP\x03\xdcP\x02nP\x03\xa4P\x02nP\x03\xdcP\x02nP\x03\xa4P\x02nP\x03?P\x02nP\x03\xa4P\x02nP\x03\xdcP\x02nP\x04UP\x02nP\x03\xdcP\x02nP\x03\xa4P\x02nP\x02\xe4P\x02nP\x03\xa4P\x02nP\x03?P\x02nP\x03?P\x02nP\x04\xddP\x02nP\x04UP\x02nP\x03\xdcP\x02nP\x03\xa4P\x02nP\x03\xdcP\x02nP\x03\xa4P\x02nP\x03?P\x02nP\x03\xa4P\x02nP\x03\xdcP\x02nP\x04UP\x02nP\x03\xdcP\x02nP\x03\xa4P\x02nP\x02\xe4P\x02nP\x03\xa4P\x02nP\x03?P\x02nP\x03?P\x02nP\x04\xddP\x02nP\x04UP\x02nP\x03\xdcP\x02nP\x03\xa4P\x02nP\x03\xdcP\x02nP\x03\xa4P\x02nP\x03?P\x02nP\x03\xa4P\x02nP\x03\xdcP\x02nP\x04UP\x02nP\x03\xdcP\x02nP\x03\xa4P\x02nP\x02\xe4P\x02nP\x03\xa4P\x02nP\x03?P\x02nP\x04UH\x05\xc8P\x04\xddH\x00\x00P\x00\x00H\x00\x00D\x04UH\x03\xdcH\x04U8\x05\xc88\x04\xdd<\x04UH\x03\xdcH\x04UH\x05\xc8P\x04\xddH\x00\x00P\x00\x00H\x00\x00D\x04UH\x03\xdcH\x05'8\x05u8\x04\xdd8\x00\x00P\x05'H\x00\x00P\x00\x00P\x04UH\x05\xc8P\x04\xddH\x00\x00P\x00\x00H\x00\x00D\x04UH\x03\xdcH\x04U8\x05\xc88\x04\xdd<\x04UH\x03\xdcH\x04UH\x05\xc8P\x04\xddH\x00\x00P\x00\x00H\x00\x00D\x02*H\x02nH\x02\x938\x02\xba8\x02nH\x03\x10H\x03?H\x03\xa4H\x03\xa48\x03?8\x03\xa48\x03?8\x03\xa48\x03?8\x07\xb8H\x03\xa4H\x03?H\x02\xe4H\x03\xa48\x06}8\x02nH\x03\xa48\x06}8\x02nH\x03\xa48\x06}8\x02nH\x03\xdcH\x04UH\x03\xa4H\x03\xdcH\x03?H\x00\x00H\x00\x00P"""
o_pulo_da_gaita_auto_da_compadecida,623,b'\x00d\x02\x0bD\x01\x88H\x01\xd2D\x01\xb8H\x01\x88P\x01\x06H\x01\x06P\x01\x88P\x01\x88H\x01\x88P\x02\x0bD\x01\x88H\x01\xd2D\x01\xb8H\x01\x88B\x02\x0bD\x01\x88H\x01\xd2D\x01\xb8H\x01\x88P\x01\x06H\x01\x06P\x01\x88P\x01\x88H\x01\x88P\x01]H\x01JH\x01&H\x01\x06H\x01\x06B\x02\x0bD\x01\x88H\x01\xd2D\x01\xb8H\x01\x88P\x01\x06H\x01\x06P\x01\x88P\x01\x88H\x01\x88P\x02\x0bD\x01\x88H\x01\xd2D\x01\xb8H\x01\x88B\x02\x0bD\x01\x88H\x01\xd2D\x01\xb8H\x01\x88P\x01\x06H\x01\x06P\x01\x88P\x01\x88H\x01\x88P\x01]H\x01JH\x01&H\x01\x06H\x01\x06P\x02KH\x02KP\x02KP\x02KH\x02KP\x02KP\x02KH\x02KP\x02\x0bH\x02\x938\x02\x0bH\x02\x0bP\x02\x93P\x02\x93H\x02\x0bP\x02\xbaH\x02KH\x02KH\x02\x938\x02\x0bH\x02KP\x02\x93P\x02KH\x02\x0bP\x02\xbaH\x02\xbaH\x03pH\x03\x108\x03\x10H\x02\x0bP\x02\x0bP\x02\x0bH\x02\x0bP\x02\xba8\x02\x93P\x02KH\x02\x0bD\x02\x0bP\x02\x0bP\x02\x0bP\x02\x0bP\x02\xbaH\x02\xbaP\x03pH\x03\x108\x03\x10H\x02\x0bP\x02\x0bP\x02\x0bH\x02\x0bP\x02\xbaP\x02\x93H\x02KP\x02\x0bH\x02\x938\x02\x0bH\x02KP\x02\x93P\x02KH\x02\x0bP\x02\xbaH\x02\xbaP\x03pH\x03\x108\x03\x10H\x02\x0bP\x02\x0bP\x02\x0bH\x02\x0bP\x02\xbaH\x02\x93P\x02KH\x02\x0bH\x02\x0bD\x01\x88H\x01\xd2D\x01\xb8H\x01\x88P\x01\x06H\x01\x06P\x01\x88P\x01\x88H\x01\x88P\x02\x0bD\x01\x88H\x01\xd2D\x01\xb8H\x01\x88B\x02\x0bD\x01\x88H\x01\xd2D\x01\xb8H\x01\x88P\x01\x06H\x01\x06P\x01\x88P\x01\x88H\x01\x88P\x01]H\x01JH\x01&H\x01\x06>\x02\x0bD\x01\x88H\x01\xd2D\x01\xb8H\x01\x88P\x01\x06H\x01\x06P\x01\x88P\x01\x88H\x01\x88P\x02\x0bD\x01\x88H\x01\xd2D\x01\xb8H\x01\x88B\x02\x0bD\x01\x88H\x01\xd2D\x01\xb8H\x01\x88P\x01\x06H\x01\x06P\x01\x88P\x01\x88H\x01\x88P\x01]H\x01JH\x01&H\x01\x06>\x01\x06P\x01\x06H\x01\x06P\x01JP\x01JH\x01JP\x01]P\x01]H\x01]P\x01rP\x01rH\x01rP\x01\x88H\x00\x00H\x01\xd2H\x02\x0bA'
vampire_killer_castlevania,758,b'\x00\x82\x02\x93P\x02\x93H\x02KP\x00\x00P\x02*<\x01JH\x01rP\x01\x88P\x01\xb8P\x01\xee8\x01J8\x01\xeeH\x01\xb8P\x02K<\x02\x93P\x02\x93H\x02KP\x00\x00P\x02*<\x01JH\x01rP\x01\x88P\x01\xb8P\x01\xee8\x01J8\x01\xeeH\x01\xb8P\x01&<\x00\x00H\x02\x93H\x00\x00P\x03\xdcP\x00\x00H\x03\xa4P\x03\xdcP\x03\xa4P\x03\x10P\x00\x00D\x03\xdcH\x03\xdcP\x03\xa4P\x00\x00P\x03\xa4P\x03pP\x00\x00P\x03\xdcP\x03\x10P\x03\xdcP\x03\xa4P\x00\x00P\x03\xdcP\x03pP\x03\x10P\x00\x00H\x02\x93H\x00\x00P\x03\xdcP\x00\x00H\x03\xa4P\x03\xdcP\x03\xa4P\x03\x10P\x00\x00D\x03\xdcH\x03\xdcP\x03\xa4P\x00\x00P\x03\xa4P\x03pP\x00\x00P\x03\xdcP\x03\x10P\x03\xdcP\x03\xa4P\x00\x00P\x03\xdcP\x03pP\x03\x10P\x0178\x01r8\x02\x0bH\x01\xee8\x01\x888\x01JH\x0178\x01r8\x02\x0bH\x01\xee8\x01\x888\x00\x00H\x0178\x01r8\x02\x0bH\x01\xee8\x01\x888\x01JH\x0178\x01r8\x02\x0bH\x01\xee8\x02*8\x02nH\x02\x93P\x02\x93P\x01JP\x01J>\x01\x06H\x01\x06H\x01JP\x01\x888\x01&H\x01&H\x01rP\x01\xb88\x02\x93P\x02\x93P\x01JP\x01J>\x01\x06H\x01\x06H\x01JP\x01\x888\x01&H\x01&H\x00\xf7P\x01&8\x02\x93P\x02\x93H\x02KP\x00\x00P\x02*<\x01JH\x01rP\x01\x88P\x01\xb8P\x01\xee8\x01J8\x01\xeeH\x01\xb8P\x02K<\x02\x93P\x02\x93H\x02KP\x00\x00P\x02*<\x01JH\x01rP\x01\x88P\x01\xb8P\x01\xee8\x01J8\x01\xeeH\x01\xb8P\x01&<\x00\x00H\x02\x93H\x00\x00P\x03\xdcP\x00\x00H\x03\xa4P\x03\xdcP\x03\xa4P\x03\x10P\x00\x00D\x03\xdcH\x03\xdcP\x03\xa4P\x00\x00P\x03\xa4P\x03pP\x00\x00P\x03\xdcP\x03\x10P\x03\xdcP\x03\xa4P\x00\x00P\x03\xdcP\x03pP\x03\x10P\x00\x00H\x02\x93H\x00\x00P\x03\xdcP\x00\x00H\x03\xa4P\x03\xdcP\x03\xa4P\x03\x10P\x00\x00D\x03\xdcH\x03\xdcP\x03\xa4P\x00\x00P\x03\xa4P\x03pP\x00\x00P\x03\xdcP\x03\x10P\x03\xdcP\x03\xa4P\x00\x00P\x03\xdcP\x03pP\x03\x10P\x0178\x01r8\x02\x0bH\x01\xee8\x01\x888\x01JH\x0178\x01r8\x02\x0bH\x01\xee8\x01\x888\x00\x00H\x0178\x01r8\x02\x0bH\x01\xee8\x01\x888\x01JH\x0178\x01r8\x02\x0bH\x01\xee8\x02*8\x02nH\x02\x93P\x02\x93P\x01JP\x01J>\x01\x06H\x01\x06H\x01JP\x01\x888\x01&H\x01&H\x01rP\x01\xb88\x02\x93P\x02\x93P\x01JP\x01J>\x01\x06H\x01\x06H\x01JP\x01\x888\x01&H\x01&H\x00\xf7P\x01&8'
never_gonna_give_you_up_rick_astley,1022,b'\x00r\x02K<\x02\x93<\x01\xb8D\x02\x93<\x02\xe4<\x03pP\x03\x10P\x02\xe4H\x02K<\x02\x93<\x01\xb8B\x01\xb8P\x01\xb8P\x01\xeeP\x02KH\x02KP\x02K<\x02\x93<\x01\xb8D\x02\x93<\x02\xe4<\x03pP\x03\x10P\x02\xe4H\x02K<\x02\x93<\x01\xb8B\x01\xb8P\x01\xb8P\x01\xeeP\x02KH\x02KP\x00\x00D\x01\xeeH\x02*H\x02KH\x02KH\x02\x93H\x02*8\x01\xeeP\x01\xb8B\x00\x00D\x00\x00H\x01\xeeH\x01\xeeH\x02*H\x02KH\x01\xeeD\x01\xb8H\x03pH\x00\x00H\x03pH\x02\x93<\x00\x00D\x01\xeeH\x01\xeeH\x02*H\x02KH\x01\xeeH\x02KH\x02\x93H\x00\x00H\x00\x00H\x02*H\x01\xeeH\x01\xb8<\x00\x00D\x00\x00H\x01\xeeH\x01\xeeH\x02*H\x02KH\x01\xeeH\x01\xb8D\x02\x93H\x02\x93H\x02\x93H\x02\xe4H\x02\x93D\x00\x00D\x02KB\x02\x93H\x02\xe4H\x02KH\x02\x93H\x02\x93H\x02\x93H\x02\xe4H\x02\x93D\x01\xb8D\x00\x00B\x01\xeeH\x02*H\x02KH\x01\xeeH\x00\x00H\x02\x93H\x02\xe4H\x02\x93<\x01\xb8P\x01\xeeP\x02KP\x01\xeeP\x02\xe48\x02\xe48\x02\x93<\x01\xb8P\x01\xeeP\x02KP\x01\xeeP\x02\x938\x02\x938\x02K8\x02*P\x01\xee8\x01\xb8P\x01\xeeP\x02KP\x01\xeeP\x02KD\x02\x93H\x02*8\x01\xeeP\x01\xb8H\x01\xb8H\x01\xb8H\x02\x93D\x02KB\x01\xb8P\x01\xeeP\x02KP\x01\xeeP\x02\xe48\x02\xe48\x02\x93<\x01\xb8P\x01\xeeP\x02KP\x01\xeeP\x03pD\x02*H\x02K8\x02*P\x01\xeeH\x01\xb8P\x01\xeeP\x02KP\x01\xeeP\x02KD\x02\x93H\x02*8\x01\xeeP\x01\xb8D\x01\xb8H\x02\x93D\x02KB\x00\x00D\x00\x00H\x01\xeeH\x02KH\x01\xeeH\x02KH\x02\x93D\x00\x00H\x00\x00H\x02*H\x01\xeeH\x01\xb8<\x00\x00D\x00\x00H\x01\xeeH\x01\xeeH\x02*H\x02KH\x01\xeeH\x01\xb8D\x00\x00H\x03pH\x03pH\x02\x93H\x02\xe4H\x02\x93H\x02KH\x00\x00H\x01\xb8H\x01\xeeH\x02*H\x02KH\x01\xeeH\x00\x00H\x02*H\x01\xeeH\x01\xb8<\x00\x00D\x01\xeeH\x01\xeeH\x02*H\x02KH\x01\xeeH\x01\xb8D\x00\x00H\x00\x00H\x02\x93H\x02\x93H\x02\xe4D\x02\x93<\x02KB\x02KH\x02\x93H\x02\xe4H\x02\x93D\x02\x93H\x02\x93H\x02\xe4H\x02\x93H\x01\xb8H\x01\xb8D\x00\x00<\x01\xb8H\x01\xeeH\x02*H\x02KH\x01\xeeH\x00\x00H\x02\x93H\x02\xe4H\x02\x93<\x01\xb8P\x01\xeeP\x02KP\x01\xeeP\x02\xe48\x02\xe48\x02\x93<\x01\xb8P\x01\xeeP\x02KP\x01\xeeP\x02\x938\x02\x938\x02K8\x02*P\x01\xeeH\x01\xb8P\x01\xeeP\x02KP\x01\xeeP\x02KD\x02\x93H\x02*8\x01\xeeP\x01\xb8D\x01\xb8H\x02\x93D\x02KB\x01\xb8P\x01\xeeP\x02KP\x01\xeeP\x02\xe48\x02\xe48\x02\x93<\x01\xb8P\x01\xeeP\x02KP\x01\xeeP\x03pD\x02*H\x02K8\x02*P\x01\xeeH\x01\xb8P\x01\xeeP\x02KP\x01\xeeP\x02KD\x02\x93H\x02*8\x01\xeeP\x01\xb8D\x01\xb8H\x02\x93D\x02KB\x01\xb8P\x01\xeeP\x02KP\x01\xeeP\x02\xe48\x02\xe48\x02\x93<\x01\xb8P\x01\xeeP\x02KP\x01\xeeP\x03pD\x02*H\x02K8\x02*P\x01\xeeH\x01\xb8P\x01\xeeP\x02KP\x01\xeeP\x02KD\x02\x93H\x02*8\x01\xeeP\x01\xb8D\x01\xb8H\x02\x93D\x02KB\x01\xb8P\x01\xeeP\x02KP\x01\xeeP\x02\xe48\x02\xe48\x02\x93<\x01\xb8P\x01\xeeP\x02KP\x01\xeeP\x03pD\x02*H\x02K8\x02*P\x01\xeeH\x01\xb8P\x01\xeeP\x02KP\x01\xeeP\x02KD\x02\x93H\x02*8\x01\xeeP\x01\xb8D\x01\xb8H\x02\x93D\x02KB\x00\x00D'
take_on_me_a_ha,290,b'\x00\x8c\x02\xe4H\x02\xe4H\x02KH\x01\xeeH\x00\x00H\x01\xeeH\x00\x00H\x02\x93H\x00\x00H\x02\x93H\x00\x00H\x02\x93H\x03?H\x03?H\x03pH\x03\xdcH\x03pH\x03pH\x03pH\x02\x93H\x00\x00H\x02KH\x00\x00H\x02\xe4H\x00\x00H\x02\xe4H\x00\x00H\x02\xe4H\x02\x93H\x02\x93H\x02\xe4H\x02\x93H\x02\xe4H\x02\xe4H\x02KH\x01\xeeH\x00\x00H\x01\xeeH\x00\x00H\x02\x93H\x00\x00H\x02\x93H\x00\x00H\x02\x93H\x03?H\x03?H\x03pH\x03\xdcH\x03pH\x03pH\x03pH\x02\x93H\x00\x00H\x02KH\x00\x00H\x02\xe4H\x00\x00H\x02\xe4H\x00\x00H\x02\xe4H\x02\x93H\x02\x93H\x02\xe4H\x02\x93H\x02\xe4H\x02\xe4H\x02KH\x01\xeeH\x00\x00H\x01\xeeH\x00\x00H\x02\x93H\x00\x00H\x02\x93H\x00\x00H\x02\x93H\x03?H\x03?H\x03pH\x03\xdcH\x03pH\x03pH\x03pH\x02\x93H\x00\x00H\x02KH\x00\x00H\x02\xe4H\x00\x00H\x02\xe4H\x00\x00H\x02\xe4H\x02\x93H\x02\x93H\x02\xe4H\x02\x93H'
prince_igor_polovtsian_dances_borodin,416,b'\x00n\x01\x88D\x01\x88D\x02K>\x02\x0bH\x02KH\x01\xd2D\x01\xb8H\x01\x88H\x01\xb8H\x01\xd2H\x02\x0bA\x02KD\x01\xb8D\x01\x88H\x01]H\x01&D\x01&D\x01\x88>\x01\xb8D\x01\x88D\x01]H\x01JH\x01]D\x01JD\x01&A\x01JD\x01]D\x01\xb8D\x01\x88D\x01\x88D\x01\xd2>\x02\x0bD\x01\xd2D\x01\xb8H\x01\x88H\x01\xb8D\x01\xd2D\x02\x0b>\x02*D\x02\x0bD\x01\xb8D\x02*D\x01\x15D\x02\xba>\x03\x10D\x02\xbaD\x017H\x01\x15H\x02\xbaB\x02\x0b>\x01\xd2D\x02\x0bD\x01\xd2H\x01\xb8H\x01\x88D\x01\x88D\x01\xd2A\x02\x0bD\x01\xd2D\x01\xb8H\x01\x88H\x01]D\x01\x88D\x01\xb8A\x01\xd2D\x01\xb8D\x01]D\x01\x88D\x01\x88D\x02K>\x02\x0bD\x01\xd2D\x01\xb8H\x01\x88H\x01\xb8?\x01\xb8?\x00\x00B\x01\x88D\x01\x88D\x02K>\x02\x0bH\x02KH\x01\xd2D\x01\xb8H\x01\x88H\x01\xb8H\x01\xd2H\x02\x0bA\x02\x0bH\x02KH\x02\x0bD\x01\xd2H\x01\xb8H\x01&D\x01&D\x01\x88>\x01\x88H\x01\xb8H\x01\x88D\x01]H\x01JH\x01]H\x01JH\x01&>\x00\x00D\x02\x0bH\x02KH\x02\x0bD\x01\xd2H\x01\xb8H\x01\x88D\x01\x88D\x01\xee>\x02\x0bD\x01\xd2D\x01\xb8H\x01\x88H\x01\xb8D\x01\x88D\x01]?\x00\x00D\x01\x88D\x01\x88D\x02K>\x02\x0bH\x02KH\x01\xd2D\x01\xb8H\x01\x88H\x01\xb8D\x01\x88D\x01]>\x01\xb8D\x01\x88D\x01]>\x01\xb8D\x01\x88D\x01]?'
zelda_s_lullaby_the_legend_of_zelda_ocarina_of_time,146,b'\x00l\x01JB\x01\x88D\x01&B\x01\x06H\x01&H\x01JB\x01\x88D\x01&>\x01JB\x01\x88D\x02KB\x02\x0bD\x01\x88B\x01]H\x01JH\x01&>\x01JB\x01\x88D\x01&B\x01\x06H\x01&H\x01JB\x01\x88D\x01&>\x01JB\x01\x88D\x02KB\x02\x0bD\x01\x88B\x01]H\x01JH\x01]H\x01JH\x01\x06B\x01]B\x01JH\x01&H\x01JH\x01&H\x00\xdcB\x01\x88B\x01]H\x01JH\x01]H\x01JH\x01\x06D\x01]D\x02\x0b>'
super_mario_bros_theme_by_koji_kondo,965,b'\x00\xc8\x02\x93H\x02\x93H\x00\x00H\x02\x93H\x00\x00H\x02\x0bH\x02\x93H\x03\x10D\x00\x00D\x01\x88H\x00\x00D\x02\x0b<\x01\x88H\x00\x00D\x01J<\x01\xb8D\x01\xeeD\x01\xd2H\x01\xb8D\x01\x888\x02\x938\x03\x108\x03pD\x02\xbaH\x03\x10H\x00\x00H\x02\x93D\x02\x0bH\x02KH\x01\xee<\x02\x0b<\x01\x88H\x00\x00D\x01J<\x01\xb8D\x01\xeeD\x01\xd2H\x01\xb8D\x01\x888\x02\x938\x03\x108\x03pD\x02\xbaH\x03\x10H\x00\x00H\x02\x93D\x02\x0bH\x02KH\x01\xee<\x00\x00D\x03\x10H\x02\xe4H\x02\xbaH\x02nD\x02\x93H\x00\x00H\x01\x9fH\x01\xb8H\x01\x06H\x00\x00H\x01\xb8H\x02\x0bH\x02KH\x00\x00D\x02nD\x00\x00H\x02K<\x02\x0bB\x00\x00B\x00\x00D\x03\x10H\x02\xe4H\x02\xbaH\x02nD\x02\x93H\x00\x00H\x01\x9fH\x01\xb8H\x01\x06H\x00\x00H\x01\xb8H\x02\x0bH\x02KH\x00\x00D\x02nD\x00\x00H\x02K<\x02\x0bB\x00\x00B\x02\x0bH\x02\x0bD\x02\x0bH\x00\x00H\x02\x0bH\x02KD\x02\x93H\x02\x0bD\x01\xb8H\x01\x88B\x02\x0bH\x02\x0bD\x02\x0bH\x00\x00H\x02\x0bH\x02KH\x02\x93H\x00\x00A\x02\x0bH\x02\x0bD\x02\x0bH\x00\x00H\x02\x0bH\x02KD\x02\x93H\x02\x0bD\x01\xb8H\x01\x88B\x02\x93H\x02\x93H\x00\x00H\x02\x93H\x00\x00H\x02\x0bH\x02\x93D\x03\x10D\x00\x00D\x01\x88D\x00\x00D\x02\x0b<\x01\x88H\x00\x00D\x01J<\x01\xb8D\x01\xeeD\x01\xd2H\x01\xb8D\x01\x888\x02\x938\x03\x108\x03pD\x02\xbaH\x03\x10H\x00\x00H\x02\x93D\x02\x0bH\x02KH\x01\xee<\x02\x0b<\x01\x88H\x00\x00D\x01J<\x01\xb8D\x01\xeeD\x01\xd2H\x01\xb8D\x01\x888\x02\x938\x03\x108\x03pD\x02\xbaH\x03\x10H\x00\x00H\x02\x93D\x02\x0bH\x02KH\x01\xee<\x02\x93H\x02\x0bD\x01\x88H\x00\x00D\x01\x9fD\x01\xb8H\x02\xbaD\x02\xbaH\x01\xb8B\x02K8\x03p8\x03p8\x03p8\x03\x108\x02\xba8\x02\x93H\x02\x0bD\x01\xb8H\x01\x88B\x02\x93H\x02\x0bD\x01\x88H\x00\x00D\x01\x9fD\x01\xb8H\x02\xbaD\x02\xbaH\x01\xb8B\x01\xeeH\x02\xbaD\x02\xbaH\x02\xba8\x02\x938\x02K8\x02\x0bH\x01JD\x01JH\x01\x06B\x02\x93H\x02\x0bD\x01\x88H\x00\x00D\x01\x9fD\x01\xb8H\x02\xbaD\x02\xbaH\x01\xb8B\x02K8\x03p8\x03p8\x03p8\x03\x108\x02\xba8\x02\x93H\x02\x0bD\x01\xb8H\x01\x88B\x02\x93H\x02\x0bD\x01\x88H\x00\x00D\x01\x9fD\x01\xb8H\x02\xbaD\x02\xbaH\x01\xb8B\x01\xeeH\x02\xbaD\x02\xbaH\x02\xba8\x02\x938\x02K8\x02\x0bH\x01JD\x01JH\x01\x06B\x02\x0bH\x02\x0bD\x02\x0bH\x00\x00H\x02\x0bH\x02KH\x02\x93H\x00\x00A\x02\x0bH\x02\x0bD\x02\x0bH\x00\x00H\x02\x0bH\x02KD\x02\x93H\x02\x0bD\x01\xb8H\x01\x88B\x02\x93H\x02\x93H\x00\x00H\x02\x93H\x00\x00H\x02\x0bH\x02\x93D\x03\x10D\x00\x00D\x01\x88D\x00\x00D\x02\x93H\x02\x0bD\x01\x88H\x00\x00D\x01\x9fD\x01\xb8H\x02\xbaD\x02\xbaH\x01\xb8B\x02K8\x03p8\x03p8\x03p8\x03\x108\x02\xba8\x02\x93H\x02\x0bD\x01\xb8H\x01\x88B\x02\x93H\x02\x0bD\x01\x88H\x00\x00D\x01\x9fD\x01\xb8H\x02\xbaD\x02\xbaH\x01\xb8B\x01\xeeH\x02\xbaD\x02\xbaH\x02\xba8\x02\x938\x02K8\x02\x0bH\x01JD\x01JH\x01\x06B\x02\x0b<\x01\x88<\x01JD\x01\xb88\x01\xee8\x01\xb88\x01\x9f8\x01\xd28\x01\x9f8\x01\x88H\x01&H\x01J>'
asa_branca_luiz_gonzaga,278,b'\x00x\x01\x88H\x01\xb8H\x01\xeeD\x02KD\x02KD\x01\xeeD\x02\x0bD\x02\x0bB\x01\x88H\x01\xb8H\x01\xeeD\x02KD\x02KD\x02\x0bD\x01\xeeB\x00\x00H\x01\x88H\x01\x88H\x01\xb8H\x01\xeeD\x02KD\x00\x00H\x02KH\x02\x0bH\x01\xeeH\x01\x88D\x02\x0bD\x00\x00H\x02\x0bH\x01\xeeH\x01\xb8H\x01\xb8D\x01\xeeD\x00\x00H\x01\xeeH\x01\xb8H\x01\x88H\x01\x88B\x00\x00H\x01\x88H\x01\x88H\x01\xb8H\x01\xeeD\x02KD\x00\x00H\x02KH\x02\x0bH\x01\xeeH\x01\x88D\x02\x0bD\x00\x00H\x02\x0bH\x01\xeeH\x01\xb8H\x01\xb8D\x01\xeeD\x00\x00H\x01\xeeH\x01\xb8H\x01\x88H\x01\x88D\x02\xbaH\x02KH\x02\x93H\x02\x0bH\x02KH\x01\xeeH\x02\x0bH\x01\xb8H\x01\xeeH\x01\x88H\x01\xb8H\x01\x88H\x01JH\x01\x88H\x01\x88D\x02\xbaH\x02KH\x02\x93H\x02\x0bH\x02KH\x01\xeeH\x02\x0bH\x01\xb8H\x01\xeeH\x01\x88H\x01\xb8H\x01\x88H\x01JH\x01\x88H\x01\x88>\x00\x00D'
the_godfather_theme,389,b'\x00P\x00\x00D\x00\x00H\x00\x00H\x00\x00H\x01JH\x01\xb8H\x02\x0bH\x01\xeeH\x01\xb8H\x02\x0bH\x01\xb8H\x01\xeeH\x01\xb8H\x01]H\x01\x88H\x01JB\x01JH\x01\xb8H\x02\x0bH\x01\xeeH\x01\xb8H\x02\x0bH\x01\xb8H\x02\x0bH\x01\xb8H\x01JH\x017H\x01&B\x01&H\x01]H\x01\x9fH\x01\xeeB\x01&H\x01]H\x01\x9fH\x01\xb8B\x01\x06H\x01\x06H\x01\x88H\x01]H\x01JH\x01\x88H\x01]H\x01]H\x01JH\x01JH\x01\x9fH\x01\xb8B\x00\x00H\x01\xb8H\x01\xb8H\x01\x9fH\x01\x88B\x01\xeeH\x01\xb8H\x01]H\x01JB\x01JH\x01\x88H\x01JH\x01&B\x01&H\x01&H\x01]H\x017H\x01JB\x00\x00H\x01JH\x01\xb8H\x02\x0bH\x01\xeeH\x01\xb8H\x02\x0bH\x01\xb8H\x01\xeeH\x01\xb8H\x01]H\x01\x88H\x01JB\x01JH\x01\xb8H\x02\x0bH\x01\xeeH\x01\xb8H\x02\x0bH\x01\xb8H\x02\x0bH\x01\xb8H\x01JH\x017H\x01&B\x01&H\x01]H\x01\x9fH\x01\xeeB\x01&H\x01]H\x01\x9fH\x01\xb8B\x01\x06H\x01\x06H\x01\x88H\x01]H\x01JH\x01\x88H\x01]H\x01]H\x01JH\x01JH\x01\x9fH\x01\xb8B\x00\x00H\x01\xb8H\x01\xb8H\x01\x9fH\x01\x88B\x01\xeeH\x01\xb8H\x01]H\x01JB\x01JH\x01\x88H\x01JH\x01&B\x01&H\x01&H\x01]H\x017H\x01JB'
professor_layton_s_theme,1256,b'\x00\x8c\x02KA\x02nA\x02\xbaA\x00\x00D\x02\xba<\x02nH\x02KH\x02\xbaA\x01\xd2H\x01\x88>\x01]A\x01]A\x00\x00D\x00\x00H\x01]H\x01\x88H\x01\x9fH\x01\xd2H\x02\x0bH\x02KA\x02nA\x02\xbaA\x02\xba<\x02nH\x02KH\x02*H\x02\x0b>\x01\xd2H\x01\x88A\x01]?\x00\x00D\x02K<\x00\x00P\x02KP\x02KB\x00\x00D\x02KH\x02nH\x02\xbaH\x03\x10H\x02\xbaH\x02nH\x02KH\x02K<\x02nP\x02nB\x00\x00D\x01\x88H\x02\x0bH\x02KH\x02nH\x02\xbaH\x02nH\x02KH\x02\x0b<\x00\x00P\x01\x88B\x00\x00D\x01\x88H\x01\x9fH\x01\xd2H\x02\x0bH\x01\xd2H\x01\x9fH\x03\x10H\x01]<\x01\xd2<\x01\x88B\x00\x00H\x01\x06H\x01&H\x017H\x01\x88H\x02\x0bH\x02K<\x00\x00P\x02K0\x02KB\x00\x00D\x02KH\x02nH\x02\xbaH\x03\x10H\x02\xbaH\x02nH\x02KH\x02K<\x02n0\x02nB\x00\x00D\x02\x0bH\x02KH\x02nH\x02\xbaH\x02nH\x02KH\x01\xd2H\x01\xd2<\x02\x0b<\x02\x0b<\x01]<\x00\x00H\x01\x88D\x02KD\x02nD\x02K<\x00\x00P\x02\x0bP\x02\x0bB\x00\x00D\x02KD\x02nD\x02\xbaD\x03\x10<\x00\x00P\x02\xbaB\x03\xa4<\x03\x10<\x02nD\x02K<\x00\x00P\x02nB\x00\x00D\x02\x0bH\x02KH\x02nH\x02\x93H\x02\xbaH\x02\xe4H\x03\x10<\x02\xba<\x00\x00D\x03\xa4B\x03\x10D\x02\xbaH\x03\x10H\x00\x00H\x02\x93H\x00\x00H\x02KH\x02\x0b>\x00\x00H\x01\x88H\x01\xb8H\x01\xd2H\x02\x0bH\x02KH\x02nH\x02n<\x02K<\x01\xd2D\x00\x00D\x02nH\x02\x93H\x02\xbaD\x02\x93H\x02nH\x02KH\x03\xa4H\x02\x0bD\x01\x88H\x02KD\x01\x88H\x02KD\x00\x00H\x02\xe4H\x03\x10H\x02\xe4H\x02\xbaH\x02nH\x02KH\x02nH\x00\x00H\x03\xa4H\x03\x10H\x02nH\x02\xbaH\x00\x00H\x03\x10H\x00\x00H\x02\xe4H\x02\xbaH\x02nH\x02\xbaH\x02nH\x02KH\x02nH\x02K<\x02\x0b<\x00\x00D\x00\x00D\x02\x0bH\x02KH\x02nH\x02KH\x02\x0bH\x01\xd2H\x02KH\x02nH\x02\xbaH\x03\x10H\x02KH\x02\x0bH\x02KH\x02nH\x02\xbaH\x03\x10H\x03\xa4H\x03?H\x03\x10H\x02\xbaH\x02nH\x02\xbaH\x02nH\x02KP\x02nP\x02KP\x01\xd2H\x02\x0bH\x02KH\x02nH\x02\xbaH\x03\x10H\x03\xa4H\x03?H\x03\x10H\x02\xbaH\x02nH\x02KH\x02nH\x02\x0bH\x02KH\x02nH\x02\xbaH\x02\x0bH\x01\x88H\x02\x0bH\x02KH\x02nH\x02\xbaH\x03\xa4H\x02\xbaH\x02nH\x02KH\x01\xd2H\x02nH\x02KH\x02KP\x02nP\x02KP\x01\x88H\x02\x0bH\x02KH\x02nH\x02\xbaH\x02\xbaH\x03\xa4H\x02\xbaH\x02nH\x02KH\x02nH\x02KH\x01\xd2H\x02KH\x02nH\x02\xbaH\x03\x10H\x01\xd2H\x01\x88H\x01\xd2H\x02nH\x03\xa4H\x02nH\x03\xa4H\x03?H\x03\x10H\x03?H\x03\x10H\x02\xbaH\x02nH\x02KP\x02nP\x02KP\x01\xd2H\x02\x0bH\x02KH\x02nH\x02\xbaH\x04\x17H\x02KH\x03\xa4H\x02KH\x02\x0bH\x02KH\x03\xdcH\x01\x88H\x01\x06H\x017H\x01\x88H\x02\x0bH\x02nH\x03\x10H\x00\x00H\x02\x0bH\x02KH\x02nH\x02KP\x02nP\x02KP\x02\x0bH\x01\x88H\x02\x0bH\x03\x10H\x02K<\x02\x0bH\x02\x0bA\x00\x00D\x017H\x01\x06<\x017B\x04\x97B\x00\xf7B\x017H\x01\x06<\x00\xc4B\x04\x97B\x00\xf7B\x017H\x01\x06<\x01\x88B\x01rB\x01&B\x01]B\x01&B\x01&B\x01\x88B\x01\x88A\x01\x88A\x01\x88A\x01\x88A\x00\x00A\x00\x00A\x01\x88A\x01\x88A\x017B\x01\x88B\x01\x88B\x01\x06D\x01&H\x017H\x01]B\x01\xd2B\x01\xd2B\x01\x06D\x01&H\x017H\x017B\x01\x88>\x01]B\x01\x88H\x01]H\x01\x88>\x01&?\x01\x06B\x01\x88>\x01]B\x01&H\x017H\x01]B\x00\xe9B\x01\xd2B\x01\x06D\x01&H\x017H\x017B\x01\xd2>\x01\x9fB\x01\x88H\x01]H\x01]H\x01\x88?\x017B\x01\x88B\x01\x88B\x01\x06D\x01&H\x017H\x01]B\x01\xd2B\x01\xd2B\x01\x06D\x01&H\x017H\x017B\x01\x88>\x01]B\x01\x88H\x01]H\x01\x88>\x01&?\x01\x06B\x01\x88>\x01]B\x01&H\x017H\x01]B\x00\xe9B\x01\xd2B\x01\x06D\x01&H\x017H\x017B\x01\xd2>\x01\x9fB\x01\x88H\x01]H\x01]H\x01\x88?'
